case,profile,rule,scenario,navigator,speed,start_shift,revision,success,time_s,final_dist,path_tiles,hits,stuck_s,paused_travel_frames,refused_moves,overspeed_moves,damaging_ground_frames,replans_nav_route,heading_reversals_per_s,in_range_frac,radial_out_frac
0,fixture,legacy,a_lake_deep_speed,legacy,,,baseline,True,4.9,0.39,29.2,0,0.0,0,0,0,0,0,0.0,0.0,0.0
0,fixture,legacy,a_lake_deep_speed,legacy,,,candidate,True,4.9,0.39,29.2,0,0.0,0,0,0,0,0,0.0,0.0,0.0
1,fixture,legacy,a_lake_deep_plain,legacy,,,baseline,True,4.9,0.39,29.2,0,0.0,0,0,0,0,0,0.0,0.0,0.0
1,fixture,legacy,a_lake_deep_plain,legacy,,,candidate,True,4.9,0.39,29.2,0,0.0,0,0,0,0,0,0.0,0.0,0.0
2,fixture,legacy,a_lake_shallow,legacy,,,baseline,True,5.05,0.33,27.1,0,0.0,0,0,0,0,0,0.0,0.0,0.0
2,fixture,legacy,a_lake_shallow,legacy,,,candidate,True,5.05,0.33,27.1,0,0.0,0,0,0,0,0,0.0,0.0,0.0
3,fixture,legacy,a_river_deep_speed,legacy,,,baseline,True,11.15,0.37,66.9,0,0.0,0,0,0,0,0,0.0,0.0,0.0
3,fixture,legacy,a_river_deep_speed,legacy,,,candidate,True,11.15,0.37,66.9,0,0.0,0,0,0,0,0,0.0,0.0,0.0
4,fixture,legacy,a_river_shallow,legacy,,,baseline,True,2.78,0.33,14.7,0,0.0,0,0,0,0,0,0.0,0.0,0.0
4,fixture,legacy,a_river_shallow,legacy,,,candidate,True,2.78,0.33,14.7,0,0.0,0,0,0,0,0,0.0,0.0,0.0
5,fixture,legacy,b_tree_cluster,legacy,,,baseline,True,3.9,0.32,23.2,0,0.0,0,0,0,0,0,0.26,0.0,0.0
5,fixture,legacy,b_tree_cluster,legacy,,,candidate,True,3.9,0.32,23.2,0,0.0,0,0,0,0,0,0.26,0.0,0.0
6,fixture,legacy,b_tree_cluster2,legacy,,,baseline,True,3.98,0.31,23.2,0,0.0,0,0,0,0,0,0.0,0.0,0.0
6,fixture,legacy,b_tree_cluster2,legacy,,,candidate,True,3.98,0.31,23.2,0,0.0,0,0,0,0,0,0.0,0.0,0.0
7,fixture,legacy,c_u_wall,legacy,,,baseline,True,4.73,0.4,28.1,0,0.0,0,0,0,0,0,0.0,0.0,0.0
7,fixture,legacy,c_u_wall,legacy,,,candidate,True,4.73,0.4,28.1,0,0.0,0,0,0,0,0,0.0,0.0,0.0
8,fixture,legacy,c_u_wall_lock,legacy,,,baseline,True,4.35,0.0,26.6,0,0.0,0,0,0,0,0,0.0,1.0,0.0
8,fixture,legacy,c_u_wall_lock,legacy,,,candidate,True,4.35,0.0,26.6,0,0.0,0,0,0,0,0,0.0,1.0,0.0
9,fixture,legacy,d_boss_open_rings,legacy,,,baseline,True,1.65,0.0,12.4,0,0.0,0,0,0,0,0,0.05,1.0,0.0094
9,fixture,legacy,d_boss_open_rings,legacy,,,candidate,True,1.65,0.0,12.4,0,0.0,0,0,0,0,0,0.05,1.0,0.0094
10,fixture,legacy,d_boss_wall_rings,legacy,,,baseline,True,2.58,0.0,16.7,0,0.0,0,0,0,0,1,0.05,1.0,0.0134
10,fixture,legacy,d_boss_wall_rings,legacy,,,candidate,True,2.58,0.0,16.7,0,0.0,0,0,0,0,1,0.05,1.0,0.0134
11,fixture,legacy,d_boss_open_dense,legacy,,,baseline,False,2.18,0.0,201.0,0,0.0,0,0,0,0,13,1.35,0.32,0.298
11,fixture,legacy,d_boss_open_dense,legacy,,,candidate,False,2.18,0.0,201.0,0,0.0,0,0,0,0,13,1.35,0.32,0.298
12,fixture,legacy,d_boss_wall_dense,legacy,,,baseline,False,2.82,0.0,192.7,0,0.0,0,0,0,0,13,1.5,0.26,0.2892
12,fixture,legacy,d_boss_wall_dense,legacy,,,candidate,False,2.82,0.0,192.7,0,0.0,0,0,0,0,13,1.5,0.26,0.2892
13,fixture,legacy,d_boss_open_dense_x100,legacy,,,baseline,False,2.18,0.0,201.0,0,0.0,0,0,0,0,13,1.35,0.32,0.298
13,fixture,legacy,d_boss_open_dense_x100,legacy,,,candidate,False,2.18,0.0,201.0,0,0.0,0,0,0,0,13,1.35,0.32,0.298
14,fixture,legacy,d_boss_wall_dense_x100,legacy,,,baseline,False,2.82,0.0,192.7,0,0.0,0,0,0,0,13,1.5,0.26,0.2892
14,fixture,legacy,d_boss_wall_dense_x100,legacy,,,candidate,False,2.82,0.0,192.7,0,0.0,0,0,0,0,13,1.5,0.26,0.2892
15,fixture,legacy,d_boss_open_dense_x065,legacy,,,baseline,False,2.5,0.0,176.3,0,0.0,0,0,0,0,12,1.7,0.44,0.295
15,fixture,legacy,d_boss_open_dense_x065,legacy,,,candidate,False,2.5,0.0,176.3,0,0.0,0,0,0,0,12,1.7,0.44,0.295
16,fixture,legacy,d_boss_wall_dense_x065,legacy,,,baseline,False,2.85,0.0,176.2,0,0.0,0,0,0,0,10,2.05,0.35,0.2643
16,fixture,legacy,d_boss_wall_dense_x065,legacy,,,candidate,False,2.85,0.0,176.2,0,0.0,0,0,0,0,10,2.05,0.35,0.2643
17,fixture,legacy,e_corridor1_nowalk,legacy,,,baseline,True,4.78,0.36,28.6,0,0.0,0,0,0,0,0,0.0,0.0,0.0
17,fixture,legacy,e_corridor1_nowalk,legacy,,,candidate,True,4.78,0.36,28.6,0,0.0,0,0,0,0,0,0.0,0.0,0.0
18,fixture,legacy,e_corridor1_fullocc,legacy,,,baseline,True,4.82,0.46,28.5,0,0.0,2,0,0,0,0,0.0,0.0,0.0
18,fixture,legacy,e_corridor1_fullocc,legacy,,,candidate,True,4.82,0.46,28.5,0,0.0,2,0,0,0,0,0.0,0.0,0.0
19,fixture,legacy,e_corridor2_fullocc,legacy,,,baseline,True,4.65,0.47,27.6,0,0.0,0,0,0,0,0,0.0,0.0,0.0
19,fixture,legacy,e_corridor2_fullocc,legacy,,,candidate,True,4.65,0.47,27.6,0,0.0,0,0,0,0,0,0.0,0.0,0.0
20,fixture,legacy,f_damaging_row,legacy,,,baseline,True,10.0,56.01,56.7,0,2.0,33,0,0,0,17,1.6,0.0,0.0
20,fixture,legacy,f_damaging_row,legacy,,,candidate,True,10.0,56.01,56.7,0,2.0,33,0,0,0,17,1.6,0.0,0.0
21,fixture,legacy,f_lava_detour,legacy,,,baseline,True,7.7,0.33,45.9,0,0.0,0,0,0,0,0,0.0,0.0,0.0
21,fixture,legacy,f_lava_detour,legacy,,,candidate,True,7.7,0.33,45.9,0,0.0,0,0,0,0,0,0.0,0.0,0.0
22,fixture,legacy,f_lava_pressure,legacy,,,baseline,True,10.0,56.01,56.7,0,2.0,33,0,0,0,17,1.6,0.0,0.0
22,fixture,legacy,f_lava_pressure,legacy,,,candidate,True,10.0,56.01,56.7,0,2.0,33,0,0,0,17,1.6,0.0,0.0
23,fixture,legacy,g_fullocc_gap,legacy,,,baseline,True,2.97,0.32,17.3,0,0.0,2,0,0,0,0,0.0,0.0,0.0
23,fixture,legacy,g_fullocc_gap,legacy,,,candidate,True,2.97,0.32,17.3,0,0.0,2,0,0,0,0,0.0,0.0,0.0
24,fixture,legacy,h_learned_keepout,legacy,,,baseline,True,8.8,0.32,52.8,0,0.0,0,0,0,0,0,0.11,0.0,0.0
24,fixture,legacy,h_learned_keepout,legacy,,,candidate,True,8.8,0.32,52.8,0,0.0,0,0,0,0,0,0.11,0.0,0.0
25,fixture,legacy,j_hidden_blocker,legacy,,,baseline,True,4.4,0.36,22.2,0,0.0,28,26,0,0,2,0.68,0.0,0.0
25,fixture,legacy,j_hidden_blocker,legacy,,,candidate,True,4.4,0.36,22.2,0,0.0,28,26,0,0,2,0.68,0.0,0.0
26,fixture,legacy,i_tilelist_revisit,legacy,,,baseline,True,1.93,0.37,11.6,0,0.0,0,0,0,0,0,0.0,0.0,0.0
26,fixture,legacy,i_tilelist_revisit,legacy,,,candidate,True,1.93,0.37,11.6,0,0.0,0,0,0,0,0,0.0,0.0,0.0
27,fixture,legacy,i_tilelist_frontier,legacy,,,baseline,True,1.93,0.37,11.6,0,0.0,0,0,0,0,0,0.0,0.0,0.0
27,fixture,legacy,i_tilelist_frontier,legacy,,,candidate,True,1.93,0.37,11.6,0,0.0,0,0,0,0,0,0.0,0.0,0.0
28,fixture,legacy,k_slowed_midwalk,legacy,,,baseline,True,3.93,0.33,23.7,0,0.0,0,0,0,0,0,0.0,0.0,0.0
28,fixture,legacy,k_slowed_midwalk,legacy,,,candidate,True,3.93,0.33,23.7,0,0.0,0,0,0,0,0,0.0,0.0,0.0
29,fixture,legacy,k_paralyzed_midwalk,legacy,,,baseline,True,3.72,0.36,15.6,0,0.0,67,0,0,0,0,0.0,0.0,0.0
29,fixture,legacy,k_paralyzed_midwalk,legacy,,,candidate,True,3.72,0.36,15.6,0,0.0,67,0,0,0,0,0.0,0.0,0.0
30,fixture,legacy,k_water_midpath,legacy,,,baseline,True,2.33,0.22,19.8,0,0.0,0,0,0,0,0,0.0,0.0,0.0
30,fixture,legacy,k_water_midpath,legacy,,,candidate,True,2.33,0.22,19.8,0,0.0,0,0,0,0,0,0.0,0.0,0.0
31,fixture,legacy,k_dodge_in_water,legacy,,,baseline,True,1.82,0.38,11.6,0,0.0,0,0,0,0,0,0.0,0.0,0.0
31,fixture,legacy,k_dodge_in_water,legacy,,,candidate,True,1.82,0.38,11.6,0,0.0,0,0,0,0,0,0.0,0.0,0.0
32,fixture,legacy,k_speedy_walk,legacy,,,baseline,True,2.63,0.3,23.7,0,0.0,0,0,0,0,0,0.0,0.0,0.0
32,fixture,legacy,k_speedy_walk,legacy,,,candidate,True,2.63,0.3,23.7,0,0.0,0,0,0,0,0,0.0,0.0,0.0
33,fixture,legacy,k_slowed_water,legacy,,,baseline,True,5.53,0.41,19.6,0,0.0,0,0,0,0,0,0.0,0.0,0.0
33,fixture,legacy,k_slowed_water,legacy,,,candidate,True,5.53,0.41,19.6,0,0.0,0,0,0,0,0,0.0,0.0,0.0
34,fixture,legacy,k_mixed_water_land,legacy,,,baseline,True,4.25,0.21,35.2,0,0.0,0,0,0,0,0,0.0,0.0,0.0
34,fixture,legacy,k_mixed_water_land,legacy,,,candidate,True,4.25,0.21,35.2,0,0.0,0,0,0,0,0,0.0,0.0,0.0
35,fixture,legacy,l_walk_past_shotgun,legacy,,,baseline,True,4.32,0.36,25.9,0,0.0,0,0,0,0,0,0.0,0.0,0.0
35,fixture,legacy,l_walk_past_shotgun,legacy,,,candidate,True,4.32,0.36,25.9,0,0.0,0,0,0,0,0,0.0,0.0,0.0
36,fixture,legacy,l_walk_past_bomber,legacy,,,baseline,True,4.17,0.31,25.1,0,0.0,0,0,0,0,0,0.0,0.0,0.0
36,fixture,legacy,l_walk_past_bomber,legacy,,,candidate,True,4.17,0.31,25.1,0,0.0,0,0,0,0,0,0.0,0.0,0.0
37,fixture,legacy,l_lock_boss_dies,legacy,,,baseline,True,3.57,0.0,22.2,0,0.0,0,0,0,0,0,0.0,1.0,0.0183
37,fixture,legacy,l_lock_boss_dies,legacy,,,candidate,True,3.57,0.0,22.2,0,0.0,0,0,0,0,0,0.0,1.0,0.0183
38,fixture,legacy,l_lock_boss_invuln,legacy,,,baseline,True,3.57,0.0,22.2,0,0.0,0,0,0,0,0,0.0,1.0,0.0183
38,fixture,legacy,l_lock_boss_invuln,legacy,,,candidate,True,3.57,0.0,22.2,0,0.0,0,0,0,0,0,0.0,1.0,0.0183
39,fixture,legacy,m_pinch_nowalk,legacy,,,baseline,False,30.0,35.06,179.5,0,2.0,7,0,0,0,2,0.07,0.0,0.0
39,fixture,legacy,m_pinch_nowalk,legacy,,,candidate,False,30.0,35.06,179.5,0,2.0,7,0,0,0,2,0.07,0.0,0.0
40,fixture,legacy,m_pinch_fulloccupy,legacy,,,baseline,True,30.0,35.06,179.5,0,2.0,7,0,0,0,2,0.07,0.0,0.0
40,fixture,legacy,m_pinch_fulloccupy,legacy,,,candidate,True,30.0,35.06,179.5,0,2.0,7,0,0,0,2,0.07,0.0,0.0
41,fixture,legacy,m_pinch_object,legacy,,,baseline,False,30.0,35.06,179.5,0,2.0,7,0,0,0,2,0.07,0.0,0.0
41,fixture,legacy,m_pinch_object,legacy,,,candidate,False,30.0,35.06,179.5,0,2.0,7,0,0,0,2,0.07,0.0,0.0
42,fixture,legacy,p_walk_through_pack,legacy,,,baseline,True,5.53,0.38,33.3,0,0.0,0,0,0,0,0,0.0,0.0,0.0
42,fixture,legacy,p_walk_through_pack,legacy,,,candidate,True,5.53,0.38,33.3,0,0.0,0,0,0,0,0,0.0,0.0,0.0
43,fixture,legacy,p_walk_pack_crossfire,legacy,,,baseline,True,5.53,0.38,33.3,0,0.0,0,0,0,0,0,0.0,0.0,0.0
43,fixture,legacy,p_walk_pack_crossfire,legacy,,,candidate,True,5.53,0.38,33.3,0,0.0,0,0,0,0,0,0.0,0.0,0.0
44,fixture,legacy,p_walk_pack_late_crossfire,legacy,,,baseline,True,5.7,0.36,33.9,0,0.0,4,0,0,0,0,0.0,0.0,0.0
44,fixture,legacy,p_walk_pack_late_crossfire,legacy,,,candidate,True,5.7,0.36,33.9,0,0.0,4,0,0,0,0,0.0,0.0,0.0
45,fixture,legacy,p_lock_boss_standoff,legacy,,,baseline,True,2.02,0.0,13.8,0,0.0,0,0,0,0,0,0.0,1.0,0.0025
45,fixture,legacy,p_lock_boss_standoff,legacy,,,candidate,True,2.02,0.0,13.8,0,0.0,0,0,0,0,0,0.0,1.0,0.0025
46,fixture,legacy,z_moveto_no_clamp,legacy,,,baseline,True,0.0,0.0,0.0,0,0.0,0,0,0,0,0,0.0,0.0,0.0
46,fixture,legacy,z_moveto_no_clamp,legacy,,,candidate,True,0.0,0.0,0.0,0,0.0,0,0,0,0,0,0.0,0.0,0.0
47,fixture,legacy,n_rooms1_nowalk_forward,legacy,,,baseline,True,13.97,0.41,83.8,0,0.0,0,0,0,0,0,0.07,0.0,0.0
47,fixture,legacy,n_rooms1_nowalk_forward,legacy,,,candidate,True,13.97,0.41,83.8,0,0.0,0,0,0,0,0,0.07,0.0,0.0
48,fixture,legacy,n_rooms1_nowalk_reverse,legacy,,,baseline,True,13.93,0.38,83.6,0,0.0,0,0,0,0,0,0.0,0.0,0.0
48,fixture,legacy,n_rooms1_nowalk_reverse,legacy,,,candidate,True,13.93,0.38,83.6,0,0.0,0,0,0,0,0,0.0,0.0,0.0
49,fixture,legacy,n_rooms2_nowalk_forward,legacy,,,baseline,True,13.68,0.37,82.1,0,0.0,0,0,0,0,0,0.0,0.0,0.0
49,fixture,legacy,n_rooms2_nowalk_forward,legacy,,,candidate,True,13.68,0.37,82.1,0,0.0,0,0,0,0,0,0.0,0.0,0.0
50,fixture,legacy,n_rooms2_nowalk_reverse,legacy,,,baseline,True,13.77,0.37,82.6,0,0.0,0,0,0,0,0,0.0,0.0,0.0
50,fixture,legacy,n_rooms2_nowalk_reverse,legacy,,,candidate,True,13.77,0.37,82.6,0,0.0,0,0,0,0,0,0.0,0.0,0.0
51,fixture,legacy,n_rooms1_fullocc_forward,legacy,,,baseline,True,13.98,0.4,83.8,0,0.0,1,0,0,0,0,0.0,0.0,0.0
51,fixture,legacy,n_rooms1_fullocc_forward,legacy,,,candidate,True,13.98,0.4,83.8,0,0.0,1,0,0,0,0,0.0,0.0,0.0
52,fixture,legacy,n_rooms1_fullocc_reverse,legacy,,,baseline,True,13.95,0.36,83.7,0,0.0,0,0,0,0,0,0.0,0.0,0.0
52,fixture,legacy,n_rooms1_fullocc_reverse,legacy,,,candidate,True,13.95,0.36,83.7,0,0.0,0,0,0,0,0,0.0,0.0,0.0
53,fixture,legacy,n_rooms2_fullocc_forward,legacy,,,baseline,True,13.7,0.37,82.2,0,0.0,0,0,0,0,0,0.0,0.0,0.0
53,fixture,legacy,n_rooms2_fullocc_forward,legacy,,,candidate,True,13.7,0.37,82.2,0,0.0,0,0,0,0,0,0.0,0.0,0.0
54,fixture,legacy,n_rooms2_fullocc_reverse,legacy,,,baseline,True,13.75,0.36,82.6,0,0.0,0,0,0,0,0,0.0,0.0,0.0
54,fixture,legacy,n_rooms2_fullocc_reverse,legacy,,,candidate,True,13.75,0.36,82.6,0,0.0,0,0,0,0,0,0.0,0.0,0.0
55,fixture,legacy,n_rooms_reveal_forward,legacy,,,baseline,True,14.13,0.34,84.1,0,0.0,6,0,0,0,6,0.0,0.0,0.0
55,fixture,legacy,n_rooms_reveal_forward,legacy,,,candidate,True,14.13,0.34,84.1,0,0.0,6,0,0,0,6,0.0,0.0,0.0
56,fixture,legacy,n_rooms_reveal_reverse,legacy,,,baseline,True,14.45,0.34,85.4,0,0.0,10,0,0,0,6,0.0,0.0,0.0
56,fixture,legacy,n_rooms_reveal_reverse,legacy,,,candidate,True,14.45,0.31,85.4,0,0.0,10,0,0,0,6,0.0,0.0,0.0
57,fixture,legacy,o_pending_map_waypoint,legacy,,,baseline,True,4.63,0.36,27.7,0,0.0,0,0,0,0,0,0.0,0.0,0.0
57,fixture,legacy,o_pending_map_waypoint,legacy,,,candidate,True,4.63,0.36,27.7,0,0.0,0,0,0,0,0,0.0,0.0,0.0
58,fixture,legacy,o_pending_map_blocked,legacy,,,baseline,True,8.0,33.16,47.5,0,0.0,4,0,0,0,1,0.12,0.0,0.0
58,fixture,legacy,o_pending_map_blocked,legacy,,,candidate,True,8.0,33.16,47.5,0,0.0,4,0,0,0,1,0.12,0.0,0.0
59,fixture,legacy,n_rooms1_fullocc_forward,legacy,4,-0.2,baseline,True,21.1,0.39,84.1,0,0.0,3,0,0,0,0,0.0,0.0,0.0
59,fixture,legacy,n_rooms1_fullocc_forward,legacy,4,-0.2,candidate,True,21.1,0.39,84.1,0,0.0,3,0,0,0,0,0.0,0.0,0.0
60,fixture,legacy,n_rooms1_fullocc_forward,legacy,4,0,baseline,True,21.05,0.44,83.8,0,0.0,5,0,0,0,0,0.0,0.0,0.0
60,fixture,legacy,n_rooms1_fullocc_forward,legacy,4,0,candidate,True,21.05,0.44,83.8,0,0.0,5,0,0,0,0,0.0,0.0,0.0
61,fixture,legacy,n_rooms1_fullocc_forward,legacy,4,0.2,baseline,True,20.98,0.39,83.6,0,0.0,4,0,0,0,0,0.0,0.0,0.0
61,fixture,legacy,n_rooms1_fullocc_forward,legacy,4,0.2,candidate,True,20.98,0.39,83.6,0,0.0,4,0,0,0,0,0.0,0.0,0.0
62,fixture,legacy,n_rooms1_fullocc_forward,legacy,6,-0.2,baseline,True,14.02,0.4,84.0,0,0.0,1,0,0,0,0,0.0,0.0,0.0
62,fixture,legacy,n_rooms1_fullocc_forward,legacy,6,-0.2,candidate,True,14.02,0.4,84.0,0,0.0,1,0,0,0,0,0.0,0.0,0.0
63,fixture,legacy,n_rooms1_fullocc_forward,legacy,6,0,baseline,True,13.98,0.4,83.8,0,0.0,1,0,0,0,0,0.0,0.0,0.0
63,fixture,legacy,n_rooms1_fullocc_forward,legacy,6,0,candidate,True,13.98,0.4,83.8,0,0.0,1,0,0,0,0,0.0,0.0,0.0
64,fixture,legacy,n_rooms1_fullocc_forward,legacy,6,0.2,baseline,True,13.95,0.41,83.5,0,0.0,2,0,0,0,0,0.0,0.0,0.0
64,fixture,legacy,n_rooms1_fullocc_forward,legacy,6,0.2,candidate,True,13.95,0.41,83.5,0,0.0,2,0,0,0,0,0.0,0.0,0.0
65,fixture,legacy,n_rooms1_fullocc_forward,legacy,9,-0.2,baseline,True,9.38,0.34,84.0,0,0.0,1,0,0,0,0,0.0,0.0,0.0
65,fixture,legacy,n_rooms1_fullocc_forward,legacy,9,-0.2,candidate,True,9.38,0.34,84.0,0,0.0,1,0,0,0,0,0.0,0.0,0.0
66,fixture,legacy,n_rooms1_fullocc_forward,legacy,9,0,baseline,True,9.38,0.34,83.8,0,0.0,3,0,0,0,0,0.0,0.0,0.0
66,fixture,legacy,n_rooms1_fullocc_forward,legacy,9,0,candidate,True,9.38,0.34,83.8,0,0.0,3,0,0,0,0,0.0,0.0,0.0
67,fixture,legacy,n_rooms1_fullocc_forward,legacy,9,0.2,baseline,True,9.35,0.34,83.5,0,0.0,2,0,0,0,0,0.0,0.0,0.0
67,fixture,legacy,n_rooms1_fullocc_forward,legacy,9,0.2,candidate,True,9.35,0.34,83.5,0,0.0,2,0,0,0,0,0.0,0.0,0.0
68,fixture,legacy,n_rooms_remote_forward,dstar,,,baseline,True,86.2,0.38,518.3,0,0.0,0,0,0,0,131,0.01,0.0,0.0
68,fixture,legacy,n_rooms_remote_forward,dstar,,,candidate,True,86.2,0.38,518.3,0,0.0,0,0,0,0,131,0.01,0.0,0.0
69,fixture,legacy,n_rooms1_fullocc_reverse,legacy,4,-0.2,baseline,True,20.9,0.39,83.4,0,0.0,0,0,0,0,0,0.0,0.0,0.0
69,fixture,legacy,n_rooms1_fullocc_reverse,legacy,4,-0.2,candidate,True,20.9,0.39,83.4,0,0.0,0,0,0,0,0,0.0,0.0,0.0
70,fixture,legacy,n_rooms1_fullocc_reverse,legacy,4,0,baseline,True,20.95,0.41,83.6,0,0.0,1,0,0,0,0,0.0,0.0,0.0
70,fixture,legacy,n_rooms1_fullocc_reverse,legacy,4,0,candidate,True,20.95,0.41,83.6,0,0.0,1,0,0,0,0,0.0,0.0,0.0
71,fixture,legacy,n_rooms1_fullocc_reverse,legacy,4,0.2,baseline,True,21.05,0.43,84.0,0,0.0,2,0,0,0,0,0.0,0.0,0.0
71,fixture,legacy,n_rooms1_fullocc_reverse,legacy,4,0.2,candidate,True,21.05,0.43,84.0,0,0.0,2,0,0,0,0,0.0,0.0,0.0
72,fixture,legacy,n_rooms1_fullocc_reverse,legacy,6,-0.2,baseline,True,13.93,0.35,83.4,0,0.0,1,0,0,0,0,0.0,0.0,0.0
72,fixture,legacy,n_rooms1_fullocc_reverse,legacy,6,-0.2,candidate,True,13.93,0.35,83.4,0,0.0,1,0,0,0,0,0.0,0.0,0.0
73,fixture,legacy,n_rooms1_fullocc_reverse,legacy,6,0,baseline,True,13.95,0.36,83.7,0,0.0,0,0,0,0,0,0.0,0.0,0.0
73,fixture,legacy,n_rooms1_fullocc_reverse,legacy,6,0,candidate,True,13.95,0.36,83.7,0,0.0,0,0,0,0,0,0.0,0.0,0.0
74,fixture,legacy,n_rooms1_fullocc_reverse,legacy,6,0.2,baseline,True,14.0,0.45,84.0,0,0.0,0,0,0,0,0,0.0,0.0,0.0
74,fixture,legacy,n_rooms1_fullocc_reverse,legacy,6,0.2,candidate,True,14.0,0.45,84.0,0,0.0,0,0,0,0,0,0.0,0.0,0.0
75,fixture,legacy,n_rooms1_fullocc_reverse,legacy,9,-0.2,baseline,True,9.58,0.34,83.6,0,0.0,15,0,0,0,0,0.0,0.0,0.0
75,fixture,legacy,n_rooms1_fullocc_reverse,legacy,9,-0.2,candidate,True,9.58,0.34,83.6,0,0.0,15,0,0,0,0,0.0,0.0,0.0
76,fixture,legacy,n_rooms1_fullocc_reverse,legacy,9,0,baseline,True,9.4,0.39,83.8,0,0.0,1,0,0,0,0,0.0,0.0,0.0
76,fixture,legacy,n_rooms1_fullocc_reverse,legacy,9,0,candidate,True,9.4,0.39,83.8,0,0.0,1,0,0,0,0,0.0,0.0,0.0
77,fixture,legacy,n_rooms1_fullocc_reverse,legacy,9,0.2,baseline,True,9.4,0.48,83.9,0,0.0,1,0,0,0,0,0.0,0.0,0.0
77,fixture,legacy,n_rooms1_fullocc_reverse,legacy,9,0.2,candidate,True,9.4,0.48,83.9,0,0.0,1,0,0,0,0,0.0,0.0,0.0
78,fixture,legacy,n_rooms_remote_reverse,dstar,,,baseline,True,83.43,0.44,501.5,0,0.0,0,0,0,0,127,0.0,0.0,0.0
78,fixture,legacy,n_rooms_remote_reverse,dstar,,,candidate,True,83.43,0.44,501.5,0,0.0,0,0,0,0,127,0.0,0.0,0.0
79,fixture,game,a_lake_deep_speed,legacy,,,baseline,True,5.17,0.33,28.2,0,0.0,24,0,0,0,0,0.0,0.0,0.0
79,fixture,game,a_lake_deep_speed,legacy,,,candidate,True,4.95,0.33,28.2,0,0.0,12,0,0,0,0,0.0,0.0,0.0
80,fixture,game,a_lake_deep_plain,legacy,,,baseline,True,5.17,0.33,28.2,0,0.0,24,0,0,0,0,0.0,0.0,0.0
80,fixture,game,a_lake_deep_plain,legacy,,,candidate,True,4.95,0.33,28.2,0,0.0,12,0,0,0,0,0.0,0.0,0.0
81,fixture,game,a_lake_shallow,legacy,,,baseline,True,5.22,0.43,27.0,0,0.0,10,0,0,0,0,0.0,0.0,0.0
81,fixture,game,a_lake_shallow,legacy,,,candidate,True,5.05,0.33,27.1,0,0.0,0,0,0,0,0,0.0,0.0,0.0
82,fixture,game,a_river_deep_speed,legacy,,,baseline,True,11.08,0.31,66.1,0,0.0,2,0,0,0,0,0.0,0.0,0.0
82,fixture,game,a_river_deep_speed,legacy,,,candidate,True,11.07,0.31,66.1,0,0.0,1,0,0,0,0,0.0,0.0,0.0
83,fixture,game,a_river_shallow,legacy,,,baseline,True,2.82,0.43,14.6,0,0.0,2,0,0,0,0,0.0,0.0,0.0
83,fixture,game,a_river_shallow,legacy,,,candidate,True,2.78,0.33,14.7,0,0.0,0,0,0,0,0,0.0,0.0,0.0
84,fixture,game,b_tree_cluster,legacy,,,baseline,True,3.68,0.35,20.4,0,0.0,14,0,0,0,0,0.0,0.0,0.0
84,fixture,game,b_tree_cluster,legacy,,,candidate,True,3.68,0.35,20.4,0,0.0,14,0,0,0,0,0.0,0.0,0.0
85,fixture,game,b_tree_cluster2,legacy,,,baseline,True,4.43,0.32,22.7,0,0.0,32,0,0,0,0,0.23,0.0,0.0
85,fixture,game,b_tree_cluster2,legacy,,,candidate,True,4.42,0.32,22.7,0,0.0,33,0,0,0,0,0.23,0.0,0.0
86,fixture,game,c_u_wall,legacy,,,baseline,True,4.98,0.4,28.0,0,0.0,18,0,0,0,0,0.0,0.0,0.0
86,fixture,game,c_u_wall,legacy,,,candidate,True,4.97,0.4,28.0,0,0.0,17,0,0,0,0,0.0,0.0,0.0
87,fixture,game,c_u_wall_lock,legacy,,,baseline,True,4.47,0.0,26.4,0,0.0,0,0,0,0,0,0.0,1.0,0.0
87,fixture,game,c_u_wall_lock,legacy,,,candidate,True,4.47,0.0,26.4,0,0.0,0,0,0,0,0,0.0,1.0,0.0
88,fixture,game,d_boss_open_rings,legacy,,,baseline,True,1.67,0.0,12.6,0,0.0,0,0,0,0,0,0.05,1.0,0.0101
88,fixture,game,d_boss_open_rings,legacy,,,candidate,True,1.67,0.0,12.6,0,0.0,0,0,0,0,0,0.05,1.0,0.0101
89,fixture,game,d_boss_wall_rings,legacy,,,baseline,True,2.72,0.0,15.6,0,0.0,0,8,0,0,1,0.05,1.0,0.0117
89,fixture,game,d_boss_wall_rings,legacy,,,candidate,True,2.72,0.0,15.6,0,0.0,0,8,0,0,1,0.05,1.0,0.0117
90,fixture,game,d_boss_open_dense,legacy,,,baseline,False,2.43,0.0,179.4,0,0.0,0,0,0,0,10,1.4,0.12,0.3088
90,fixture,game,d_boss_open_dense,legacy,,,candidate,False,2.43,0.0,179.4,0,0.0,0,0,0,0,10,1.4,0.12,0.3088
91,fixture,game,d_boss_wall_dense,legacy,,,baseline,False,5.32,0.0,167.5,0,0.0,0,0,0,0,12,1.05,0.21,0.2848
91,fixture,game,d_boss_wall_dense,legacy,,,candidate,False,5.32,0.0,167.5,0,0.0,0,0,0,0,12,1.05,0.21,0.2848
92,fixture,game,d_boss_open_dense_x100,legacy,,,baseline,False,2.43,0.0,179.4,0,0.0,0,0,0,0,10,1.4,0.12,0.3088
92,fixture,game,d_boss_open_dense_x100,legacy,,,candidate,False,2.43,0.0,179.4,0,0.0,0,0,0,0,10,1.4,0.12,0.3088
93,fixture,game,d_boss_wall_dense_x100,legacy,,,baseline,False,5.32,0.0,167.5,0,0.0,0,0,0,0,12,1.05,0.21,0.2848
93,fixture,game,d_boss_wall_dense_x100,legacy,,,candidate,False,5.32,0.0,167.5,0,0.0,0,0,0,0,12,1.05,0.21,0.2848
94,fixture,game,d_boss_open_dense_x065,legacy,,,baseline,False,2.32,0.0,155.0,0,0.0,0,0,0,0,11,1.25,0.36,0.3013
94,fixture,game,d_boss_open_dense_x065,legacy,,,candidate,False,2.32,0.0,155.0,0,0.0,0,0,0,0,11,1.25,0.36,0.3013
95,fixture,game,d_boss_wall_dense_x065,legacy,,,baseline,False,2.83,0.0,155.9,0,0.0,0,1,0,0,10,1.65,0.47,0.2776
95,fixture,game,d_boss_wall_dense_x065,legacy,,,candidate,False,2.83,0.0,155.9,0,0.0,0,1,0,0,10,1.65,0.47,0.2776
96,fixture,game,e_corridor1_nowalk,legacy,,,baseline,True,4.72,0.34,28.0,0,0.0,2,0,0,0,0,0.0,0.0,0.0
96,fixture,game,e_corridor1_nowalk,legacy,,,candidate,True,4.7,0.31,28.0,0,0.0,1,0,0,0,0,0.0,0.0,0.0
97,fixture,game,e_corridor1_fullocc,legacy,,,baseline,True,4.85,0.36,28.6,0,0.0,4,0,0,0,0,0.0,0.0,0.0
97,fixture,game,e_corridor1_fullocc,legacy,,,candidate,True,4.85,0.36,28.6,0,0.0,4,0,0,0,0,0.0,0.0,0.0
98,fixture,game,e_corridor2_fullocc,legacy,,,baseline,True,4.68,0.36,27.7,0,0.0,3,0,0,0,0,0.0,0.0,0.0
98,fixture,game,e_corridor2_fullocc,legacy,,,candidate,True,4.68,0.36,27.7,0,0.0,3,0,0,0,0,0.0,0.0,0.0
99,fixture,game,f_damaging_row,legacy,,,baseline,True,10.0,56.0,56.0,0,2.0,40,0,0,0,16,1.5,0.0,0.0
99,fixture,game,f_damaging_row,legacy,,,candidate,True,10.0,56.01,56.7,0,2.0,33,0,0,0,17,1.6,0.0,0.0
100,fixture,game,f_lava_detour,legacy,,,baseline,True,7.68,0.31,43.8,0,0.0,19,0,0,0,0,0.0,0.0,0.0
100,fixture,game,f_lava_detour,legacy,,,candidate,True,7.68,0.31,43.8,0,0.0,19,0,0,0,0,0.0,0.0,0.0
101,fixture,game,f_lava_pressure,legacy,,,baseline,True,10.0,56.0,56.0,0,2.0,40,0,0,0,16,1.5,0.0,0.0
101,fixture,game,f_lava_pressure,legacy,,,candidate,True,10.0,56.01,56.7,0,2.0,33,0,0,0,17,1.6,0.0,0.0
102,fixture,game,g_fullocc_gap,legacy,,,baseline,True,3.07,0.31,17.3,0,0.0,7,0,0,0,0,0.0,0.0,0.0
102,fixture,game,g_fullocc_gap,legacy,,,candidate,True,3.05,0.31,17.3,0,0.0,7,0,0,0,0,0.0,0.0,0.0
103,fixture,game,h_learned_keepout,legacy,,,baseline,True,8.93,0.38,50.4,0,0.0,30,0,0,0,0,0.11,0.0,0.0
103,fixture,game,h_learned_keepout,legacy,,,candidate,True,8.93,0.38,50.4,0,0.0,30,0,0,0,0,0.11,0.0,0.0
104,fixture,game,j_hidden_blocker,legacy,,,baseline,True,4.85,0.31,22.9,0,0.0,48,26,0,0,2,0.62,0.0,0.0
104,fixture,game,j_hidden_blocker,legacy,,,candidate,True,4.4,0.36,22.2,0,0.0,28,26,0,0,2,0.68,0.0,0.0
105,fixture,game,i_tilelist_revisit,legacy,,,baseline,True,1.95,0.37,11.6,0,0.0,1,0,0,0,0,0.0,0.0,0.0
105,fixture,game,i_tilelist_revisit,legacy,,,candidate,True,1.93,0.37,11.6,0,0.0,0,0,0,0,0,0.0,0.0,0.0
106,fixture,game,i_tilelist_frontier,legacy,,,baseline,True,1.95,0.37,11.6,0,0.0,1,0,0,0,0,0.0,0.0,0.0
106,fixture,game,i_tilelist_frontier,legacy,,,candidate,True,1.93,0.37,11.6,0,0.0,0,0,0,0,0,0.0,0.0,0.0
107,fixture,game,k_slowed_midwalk,legacy,,,baseline,True,3.95,0.33,23.7,0,0.0,1,0,0,0,0,0.0,0.0,0.0
107,fixture,game,k_slowed_midwalk,legacy,,,candidate,True,3.93,0.33,23.7,0,0.0,0,0,0,0,0,0.0,0.0,0.0
108,fixture,game,k_paralyzed_midwalk,legacy,,,baseline,True,3.73,0.36,15.6,0,0.0,68,0,0,0,0,0.0,0.0,0.0
108,fixture,game,k_paralyzed_midwalk,legacy,,,candidate,True,3.72,0.36,15.6,0,0.0,67,0,0,0,0,0.0,0.0,0.0
109,fixture,game,k_water_midpath,legacy,,,baseline,True,2.35,0.22,19.8,0,0.0,1,0,0,0,0,0.0,0.0,0.0
109,fixture,game,k_water_midpath,legacy,,,candidate,True,2.33,0.22,19.8,0,0.0,0,0,0,0,0,0.0,0.0,0.0
110,fixture,game,k_dodge_in_water,legacy,,,baseline,True,1.83,0.38,11.6,0,0.0,1,0,0,0,0,0.0,0.0,0.0
110,fixture,game,k_dodge_in_water,legacy,,,candidate,True,1.83,0.38,11.6,0,0.0,1,0,0,0,0,0.0,0.0,0.0
111,fixture,game,k_speedy_walk,legacy,,,baseline,True,2.65,0.3,23.7,0,0.0,1,0,0,0,0,0.0,0.0,0.0
111,fixture,game,k_speedy_walk,legacy,,,candidate,True,2.63,0.3,23.7,0,0.0,0,0,0,0,0,0.0,0.0,0.0
112,fixture,game,k_slowed_water,legacy,,,baseline,True,5.68,0.38,19.6,0,0.0,9,0,0,0,0,0.0,0.0,0.0
112,fixture,game,k_slowed_water,legacy,,,candidate,True,5.53,0.41,19.6,0,0.0,0,0,0,0,0,0.0,0.0,0.0
113,fixture,game,k_mixed_water_land,legacy,,,baseline,True,4.35,0.31,35.1,0,0.0,6,0,0,0,0,0.0,0.0,0.0
113,fixture,game,k_mixed_water_land,legacy,,,candidate,True,4.25,0.21,35.2,0,0.0,0,0,0,0,0,0.0,0.0,0.0
114,fixture,game,l_walk_past_shotgun,legacy,,,baseline,True,4.32,0.36,25.9,0,0.0,0,0,0,0,0,0.0,0.0,0.0
114,fixture,game,l_walk_past_shotgun,legacy,,,candidate,True,4.32,0.36,25.9,0,0.0,0,0,0,0,0,0.0,0.0,0.0
115,fixture,game,l_walk_past_bomber,legacy,,,baseline,True,4.18,0.31,25.1,0,0.0,1,0,0,0,0,0.0,0.0,0.0
115,fixture,game,l_walk_past_bomber,legacy,,,candidate,True,4.18,0.31,25.1,0,0.0,1,0,0,0,0,0.0,0.0,0.0
116,fixture,game,l_lock_boss_dies,legacy,,,baseline,True,3.57,0.0,22.2,0,0.0,0,0,0,0,0,0.0,1.0,0.0183
116,fixture,game,l_lock_boss_dies,legacy,,,candidate,True,3.57,0.0,22.2,0,0.0,0,0,0,0,0,0.0,1.0,0.0183
117,fixture,game,l_lock_boss_invuln,legacy,,,baseline,True,3.57,0.0,22.2,0,0.0,0,0,0,0,0,0.0,1.0,0.0183
117,fixture,game,l_lock_boss_invuln,legacy,,,candidate,True,3.57,0.0,22.2,0,0.0,0,0,0,0,0,0.0,1.0,0.0183
118,fixture,game,m_pinch_nowalk,legacy,,,baseline,True,2.75,0.34,16.2,0,0.0,2,0,0,0,0,0.0,0.0,0.0
118,fixture,game,m_pinch_nowalk,legacy,,,candidate,True,2.73,0.33,16.2,0,0.0,1,0,0,0,0,0.0,0.0,0.0
119,fixture,game,m_pinch_fulloccupy,legacy,,,baseline,True,30.0,33.89,178.3,0,0.0,16,0,0,0,2,0.07,0.0,0.0
119,fixture,game,m_pinch_fulloccupy,legacy,,,candidate,True,30.0,33.89,178.3,0,0.0,16,0,0,0,2,0.07,0.0,0.0
120,fixture,game,m_pinch_object,legacy,,,baseline,True,2.75,0.34,16.2,0,0.0,2,0,0,0,0,0.0,0.0,0.0
120,fixture,game,m_pinch_object,legacy,,,candidate,True,2.73,0.33,16.2,0,0.0,1,0,0,0,0,0.0,0.0,0.0
121,fixture,game,p_walk_through_pack,legacy,,,baseline,True,5.55,0.38,33.3,0,0.0,1,0,0,0,0,0.0,0.0,0.0
121,fixture,game,p_walk_through_pack,legacy,,,candidate,True,5.55,0.38,33.3,0,0.0,1,0,0,0,0,0.0,0.0,0.0
122,fixture,game,p_walk_pack_crossfire,legacy,,,baseline,True,5.55,0.38,33.3,0,0.0,1,0,0,0,0,0.0,0.0,0.0
122,fixture,game,p_walk_pack_crossfire,legacy,,,candidate,True,5.55,0.38,33.3,0,0.0,1,0,0,0,0,0.0,0.0,0.0
123,fixture,game,p_walk_pack_late_crossfire,legacy,,,baseline,True,5.77,0.38,33.7,0,0.0,10,0,0,0,0,0.0,0.0,0.0
123,fixture,game,p_walk_pack_late_crossfire,legacy,,,candidate,True,5.77,0.38,33.7,0,0.0,10,0,0,0,0,0.0,0.0,0.0
124,fixture,game,p_lock_boss_standoff,legacy,,,baseline,True,2.02,0.0,13.8,0,0.0,0,0,0,0,0,0.0,1.0,0.0025
124,fixture,game,p_lock_boss_standoff,legacy,,,candidate,True,2.02,0.0,13.8,0,0.0,0,0,0,0,0,0.0,1.0,0.0025
125,fixture,game,z_moveto_no_clamp,legacy,,,baseline,True,0.0,0.0,0.0,0,0.0,0,0,0,0,0,0.0,0.0,0.0
125,fixture,game,z_moveto_no_clamp,legacy,,,candidate,True,0.0,0.0,0.0,0,0.0,0,0,0,0,0,0.0,0.0,0.0
126,fixture,game,n_rooms1_nowalk_forward,legacy,,,baseline,True,14.05,0.38,82.6,0,0.0,16,0,0,0,0,0.0,0.0,0.0
126,fixture,game,n_rooms1_nowalk_forward,legacy,,,candidate,True,14.03,0.38,82.6,0,0.0,15,0,0,0,0,0.0,0.0,0.0
127,fixture,game,n_rooms1_nowalk_reverse,legacy,,,baseline,True,13.87,0.4,82.3,0,0.0,8,0,0,0,0,0.0,0.0,0.0
127,fixture,game,n_rooms1_nowalk_reverse,legacy,,,candidate,True,13.85,0.4,82.3,0,0.0,7,0,0,0,0,0.0,0.0,0.0
128,fixture,game,n_rooms2_nowalk_forward,legacy,,,baseline,True,13.97,0.35,81.5,0,0.0,22,0,0,0,0,0.0,0.0,0.0
128,fixture,game,n_rooms2_nowalk_forward,legacy,,,candidate,True,13.95,0.35,81.5,0,0.0,21,0,0,0,0,0.0,0.0,0.0
129,fixture,game,n_rooms2_nowalk_reverse,legacy,,,baseline,True,13.6,0.37,81.1,0,0.0,3,0,0,0,0,0.0,0.0,0.0
129,fixture,game,n_rooms2_nowalk_reverse,legacy,,,candidate,True,13.58,0.37,81.1,0,0.0,3,0,0,0,0,0.0,0.0,0.0
130,fixture,game,n_rooms1_fullocc_forward,legacy,,,baseline,True,14.55,0.41,83.8,0,0.0,35,0,0,0,0,0.0,0.0,0.0
130,fixture,game,n_rooms1_fullocc_forward,legacy,,,candidate,True,14.53,0.41,83.8,0,0.0,34,0,0,0,0,0.0,0.0,0.0
131,fixture,game,n_rooms1_fullocc_reverse,legacy,,,baseline,True,14.4,0.37,83.9,0,0.0,24,0,0,0,0,0.0,0.0,0.0
131,fixture,game,n_rooms1_fullocc_reverse,legacy,,,candidate,True,14.37,0.37,83.9,0,0.0,22,0,0,0,0,0.0,0.0,0.0
132,fixture,game,n_rooms2_fullocc_forward,legacy,,,baseline,True,14.22,0.45,82.0,0,0.0,30,0,0,0,0,0.0,0.0,0.0
132,fixture,game,n_rooms2_fullocc_forward,legacy,,,candidate,True,14.2,0.45,82.0,0,0.0,29,0,0,0,0,0.0,0.0,0.0
133,fixture,game,n_rooms2_fullocc_reverse,legacy,,,baseline,True,14.0,0.37,82.6,0,0.0,15,0,0,0,0,0.0,0.0,0.0
133,fixture,game,n_rooms2_fullocc_reverse,legacy,,,candidate,True,13.98,0.37,82.6,0,0.0,14,0,0,0,0,0.0,0.0,0.0
134,fixture,game,n_rooms_reveal_forward,legacy,,,baseline,True,14.35,0.34,83.2,0,0.0,24,0,0,0,6,0.0,0.0,0.0
134,fixture,game,n_rooms_reveal_forward,legacy,,,candidate,True,14.13,0.34,83.1,0,0.0,13,0,0,0,6,0.0,0.0,0.0
135,fixture,game,n_rooms_reveal_reverse,legacy,,,baseline,True,14.28,0.35,83.7,0,0.0,17,0,0,0,6,0.0,0.0,0.0
135,fixture,game,n_rooms_reveal_reverse,legacy,,,candidate,True,14.25,0.38,83.7,0,0.0,16,0,0,0,6,0.0,0.0,0.0
136,fixture,game,o_pending_map_waypoint,legacy,,,baseline,True,4.55,0.35,27.1,0,0.0,2,0,0,0,0,0.0,0.0,0.0
136,fixture,game,o_pending_map_waypoint,legacy,,,candidate,True,4.53,0.34,27.1,0,0.0,0,0,0,0,0,0.0,0.0,0.0
137,fixture,game,o_pending_map_blocked,legacy,,,baseline,True,8.0,33.16,47.5,0,0.0,4,0,0,0,1,0.12,0.0,0.0
137,fixture,game,o_pending_map_blocked,legacy,,,candidate,True,8.0,33.16,47.5,0,0.0,4,0,0,0,1,0.12,0.0,0.0
138,fixture,game,n_rooms1_fullocc_forward,legacy,4,-0.2,baseline,True,21.35,0.4,84.1,0,0.0,18,0,0,0,0,0.0,0.0,0.0
138,fixture,game,n_rooms1_fullocc_forward,legacy,4,-0.2,candidate,True,21.33,0.4,84.1,0,0.0,17,0,0,0,0,0.0,0.0,0.0
139,fixture,game,n_rooms1_fullocc_forward,legacy,4,0,baseline,True,21.35,0.4,83.8,0,0.0,22,0,0,0,0,0.0,0.0,0.0
139,fixture,game,n_rooms1_fullocc_forward,legacy,4,0,candidate,True,21.33,0.4,83.8,0,0.0,21,0,0,0,0,0.0,0.0,0.0
140,fixture,game,n_rooms1_fullocc_forward,legacy,4,0.2,baseline,True,21.35,0.4,83.6,0,0.0,26,0,0,0,0,0.0,0.0,0.0
140,fixture,game,n_rooms1_fullocc_forward,legacy,4,0.2,candidate,True,21.33,0.4,83.6,0,0.0,25,0,0,0,0,0.0,0.0,0.0
141,fixture,game,n_rooms1_fullocc_forward,legacy,6,-0.2,baseline,True,14.55,0.41,84.0,0,0.0,33,0,0,0,0,0.0,0.0,0.0
141,fixture,game,n_rooms1_fullocc_forward,legacy,6,-0.2,candidate,True,14.53,0.41,84.0,0,0.0,32,0,0,0,0,0.0,0.0,0.0
142,fixture,game,n_rooms1_fullocc_forward,legacy,6,0,baseline,True,14.55,0.41,83.8,0,0.0,35,0,0,0,0,0.0,0.0,0.0
142,fixture,game,n_rooms1_fullocc_forward,legacy,6,0,candidate,True,14.53,0.41,83.8,0,0.0,34,0,0,0,0,0.0,0.0,0.0
143,fixture,game,n_rooms1_fullocc_forward,legacy,6,0.2,baseline,True,14.35,0.41,83.5,0,0.0,26,0,0,0,0,0.0,0.0,0.0
143,fixture,game,n_rooms1_fullocc_forward,legacy,6,0.2,candidate,True,14.33,0.41,83.5,0,0.0,25,0,0,0,0,0.0,0.0,0.0
144,fixture,game,n_rooms1_fullocc_forward,legacy,9,-0.2,baseline,True,9.65,0.34,84.0,0,0.0,17,0,0,0,0,0.0,0.0,0.0
144,fixture,game,n_rooms1_fullocc_forward,legacy,9,-0.2,candidate,True,9.63,0.34,84.0,0,0.0,16,0,0,0,0,0.0,0.0,0.0
145,fixture,game,n_rooms1_fullocc_forward,legacy,9,0,baseline,True,9.65,0.34,83.8,0,0.0,19,0,0,0,0,0.0,0.0,0.0
145,fixture,game,n_rooms1_fullocc_forward,legacy,9,0,candidate,True,9.63,0.34,83.8,0,0.0,18,0,0,0,0,0.0,0.0,0.0
146,fixture,game,n_rooms1_fullocc_forward,legacy,9,0.2,baseline,True,9.65,0.34,83.5,0,0.0,20,0,0,0,0,0.0,0.0,0.0
146,fixture,game,n_rooms1_fullocc_forward,legacy,9,0.2,candidate,True,9.63,0.34,83.5,0,0.0,19,0,0,0,0,0.0,0.0,0.0
147,fixture,game,n_rooms_remote_forward,dstar,,,baseline,True,103.52,0.37,514.8,0,0.0,1063,0,0,0,132,0.01,0.0,0.0
147,fixture,game,n_rooms_remote_forward,dstar,,,candidate,True,86.58,0.4,516.7,0,0.0,36,0,0,0,133,0.01,0.0,0.0
148,fixture,game,n_rooms1_fullocc_reverse,legacy,4,-0.2,baseline,True,21.08,0.4,83.5,0,0.0,10,0,0,0,0,0.0,0.0,0.0
148,fixture,game,n_rooms1_fullocc_reverse,legacy,4,-0.2,candidate,True,21.03,0.37,83.5,0,0.0,8,0,0,0,0,0.0,0.0,0.0
149,fixture,game,n_rooms1_fullocc_reverse,legacy,4,0,baseline,True,21.28,0.4,83.8,0,0.0,18,0,0,0,0,0.0,0.0,0.0
149,fixture,game,n_rooms1_fullocc_reverse,legacy,4,0,candidate,True,21.23,0.37,83.8,0,0.0,16,0,0,0,0,0.0,0.0,0.0
150,fixture,game,n_rooms1_fullocc_reverse,legacy,4,0.2,baseline,True,21.28,0.4,84.1,0,0.0,14,0,0,0,0,0.0,0.0,0.0
150,fixture,game,n_rooms1_fullocc_reverse,legacy,4,0.2,candidate,True,21.23,0.37,84.1,0,0.0,12,0,0,0,0,0.0,0.0,0.0
151,fixture,game,n_rooms1_fullocc_reverse,legacy,6,-0.2,baseline,True,14.2,0.37,83.6,0,0.0,16,0,0,0,0,0.0,0.0,0.0
151,fixture,game,n_rooms1_fullocc_reverse,legacy,6,-0.2,candidate,True,14.17,0.37,83.6,0,0.0,14,0,0,0,0,0.0,0.0,0.0
152,fixture,game,n_rooms1_fullocc_reverse,legacy,6,0,baseline,True,14.4,0.37,83.9,0,0.0,24,0,0,0,0,0.0,0.0,0.0
152,fixture,game,n_rooms1_fullocc_reverse,legacy,6,0,candidate,True,14.37,0.37,83.9,0,0.0,22,0,0,0,0,0.0,0.0,0.0
153,fixture,game,n_rooms1_fullocc_reverse,legacy,6,0.2,baseline,True,14.4,0.37,84.1,0,0.0,23,0,0,0,0,0.0,0.0,0.0
153,fixture,game,n_rooms1_fullocc_reverse,legacy,6,0.2,candidate,True,14.37,0.37,84.1,0,0.0,21,0,0,0,0,0.0,0.0,0.0
154,fixture,game,n_rooms1_fullocc_reverse,legacy,9,-0.2,baseline,True,9.67,0.32,83.5,0,0.0,21,0,0,0,0,0.0,0.0,0.0
154,fixture,game,n_rooms1_fullocc_reverse,legacy,9,-0.2,candidate,True,9.65,0.32,83.5,0,0.0,20,0,0,0,0,0.0,0.0,0.0
155,fixture,game,n_rooms1_fullocc_reverse,legacy,9,0,baseline,True,9.67,0.32,83.8,0,0.0,19,0,0,0,0,0.0,0.0,0.0
155,fixture,game,n_rooms1_fullocc_reverse,legacy,9,0,candidate,True,9.65,0.32,83.8,0,0.0,18,0,0,0,0,0.0,0.0,0.0
156,fixture,game,n_rooms1_fullocc_reverse,legacy,9,0.2,baseline,True,9.67,0.32,84.1,0,0.0,18,0,0,0,0,0.0,0.0,0.0
156,fixture,game,n_rooms1_fullocc_reverse,legacy,9,0.2,candidate,True,9.65,0.32,84.1,0,0.0,17,0,0,0,0,0.0,0.0,0.0
157,fixture,game,n_rooms_remote_reverse,dstar,,,baseline,True,101.37,0.34,500.5,0,0.0,1038,0,0,0,119,0.0,0.0,0.0
157,fixture,game,n_rooms_remote_reverse,dstar,,,candidate,True,83.97,0.34,500.5,0,0.0,40,0,0,0,126,0.0,0.0,0.0
158,shipped,legacy,a_lake_deep_speed,legacy,,,baseline,True,4.9,0.39,29.2,0,0.0,0,0,0,0,0,0.0,0.0,0.0
158,shipped,legacy,a_lake_deep_speed,legacy,,,candidate,True,4.9,0.39,29.2,0,0.0,0,0,0,0,0,0.0,0.0,0.0
159,shipped,legacy,a_lake_deep_plain,legacy,,,baseline,True,4.9,0.39,29.2,0,0.0,0,0,0,0,0,0.0,0.0,0.0
159,shipped,legacy,a_lake_deep_plain,legacy,,,candidate,True,4.9,0.39,29.2,0,0.0,0,0,0,0,0,0.0,0.0,0.0
160,shipped,legacy,a_lake_shallow,legacy,,,baseline,True,5.05,0.33,27.1,0,0.0,0,0,0,0,0,0.0,0.0,0.0
160,shipped,legacy,a_lake_shallow,legacy,,,candidate,True,5.05,0.33,27.1,0,0.0,0,0,0,0,0,0.0,0.0,0.0
161,shipped,legacy,a_river_deep_speed,legacy,,,baseline,True,11.15,0.37,66.9,0,0.0,0,0,0,0,0,0.0,0.0,0.0
161,shipped,legacy,a_river_deep_speed,legacy,,,candidate,True,11.15,0.37,66.9,0,0.0,0,0,0,0,0,0.0,0.0,0.0
162,shipped,legacy,a_river_shallow,legacy,,,baseline,True,2.78,0.33,14.7,0,0.0,0,0,0,0,0,0.0,0.0,0.0
162,shipped,legacy,a_river_shallow,legacy,,,candidate,True,2.78,0.33,14.7,0,0.0,0,0,0,0,0,0.0,0.0,0.0
163,shipped,legacy,b_tree_cluster,legacy,,,baseline,True,3.9,0.32,23.2,0,0.0,0,0,0,0,0,0.26,0.0,0.0
163,shipped,legacy,b_tree_cluster,legacy,,,candidate,True,3.9,0.32,23.2,0,0.0,0,0,0,0,0,0.26,0.0,0.0
164,shipped,legacy,b_tree_cluster2,legacy,,,baseline,True,3.98,0.31,23.2,0,0.0,0,0,0,0,0,0.0,0.0,0.0
164,shipped,legacy,b_tree_cluster2,legacy,,,candidate,True,3.98,0.31,23.2,0,0.0,0,0,0,0,0,0.0,0.0,0.0
165,shipped,legacy,c_u_wall,legacy,,,baseline,True,4.73,0.4,28.1,0,0.0,0,0,0,0,0,0.0,0.0,0.0
165,shipped,legacy,c_u_wall,legacy,,,candidate,True,4.73,0.4,28.1,0,0.0,0,0,0,0,0,0.0,0.0,0.0
166,shipped,legacy,c_u_wall_lock,legacy,,,baseline,True,4.35,0.0,26.6,0,0.0,0,0,0,0,0,0.0,1.0,0.0
166,shipped,legacy,c_u_wall_lock,legacy,,,candidate,True,4.35,0.0,26.6,0,0.0,0,0,0,0,0,0.0,1.0,0.0
167,shipped,legacy,d_boss_open_rings,legacy,,,baseline,True,1.65,0.0,12.4,0,0.0,0,0,0,0,0,0.05,1.0,0.0094
167,shipped,legacy,d_boss_open_rings,legacy,,,candidate,True,1.65,0.0,12.4,0,0.0,0,0,0,0,0,0.05,1.0,0.0094
168,shipped,legacy,d_boss_wall_rings,legacy,,,baseline,True,2.58,0.0,16.7,0,0.0,0,0,0,0,1,0.05,1.0,0.0134
168,shipped,legacy,d_boss_wall_rings,legacy,,,candidate,True,2.58,0.0,16.7,0,0.0,0,0,0,0,1,0.05,1.0,0.0134
169,shipped,legacy,d_boss_open_dense,legacy,,,baseline,False,2.18,0.0,201.0,0,0.0,0,0,0,0,13,1.35,0.32,0.298
169,shipped,legacy,d_boss_open_dense,legacy,,,candidate,False,2.18,0.0,201.0,0,0.0,0,0,0,0,13,1.35,0.32,0.298
170,shipped,legacy,d_boss_wall_dense,legacy,,,baseline,False,2.82,0.0,192.7,0,0.0,0,0,0,0,13,1.5,0.26,0.2892
170,shipped,legacy,d_boss_wall_dense,legacy,,,candidate,False,2.82,0.0,192.7,0,0.0,0,0,0,0,13,1.5,0.26,0.2892
171,shipped,legacy,d_boss_open_dense_x100,legacy,,,baseline,False,2.18,0.0,201.0,0,0.0,0,0,0,0,13,1.35,0.32,0.298
171,shipped,legacy,d_boss_open_dense_x100,legacy,,,candidate,False,2.18,0.0,201.0,0,0.0,0,0,0,0,13,1.35,0.32,0.298
172,shipped,legacy,d_boss_wall_dense_x100,legacy,,,baseline,False,2.82,0.0,192.7,0,0.0,0,0,0,0,13,1.5,0.26,0.2892
172,shipped,legacy,d_boss_wall_dense_x100,legacy,,,candidate,False,2.82,0.0,192.7,0,0.0,0,0,0,0,13,1.5,0.26,0.2892
173,shipped,legacy,d_boss_open_dense_x065,legacy,,,baseline,False,2.5,0.0,176.3,0,0.0,0,0,0,0,12,1.7,0.44,0.295
173,shipped,legacy,d_boss_open_dense_x065,legacy,,,candidate,False,2.5,0.0,176.3,0,0.0,0,0,0,0,12,1.7,0.44,0.295
174,shipped,legacy,d_boss_wall_dense_x065,legacy,,,baseline,False,2.85,0.0,176.2,0,0.0,0,0,0,0,10,2.05,0.35,0.2643
174,shipped,legacy,d_boss_wall_dense_x065,legacy,,,candidate,False,2.85,0.0,176.2,0,0.0,0,0,0,0,10,2.05,0.35,0.2643
175,shipped,legacy,e_corridor1_nowalk,legacy,,,baseline,True,4.78,0.36,28.6,0,0.0,0,0,0,0,0,0.0,0.0,0.0
175,shipped,legacy,e_corridor1_nowalk,legacy,,,candidate,True,4.78,0.36,28.6,0,0.0,0,0,0,0,0,0.0,0.0,0.0
176,shipped,legacy,e_corridor1_fullocc,legacy,,,baseline,True,4.82,0.46,28.5,0,0.0,2,0,0,0,0,0.0,0.0,0.0
176,shipped,legacy,e_corridor1_fullocc,legacy,,,candidate,True,4.82,0.46,28.5,0,0.0,2,0,0,0,0,0.0,0.0,0.0
177,shipped,legacy,e_corridor2_fullocc,legacy,,,baseline,True,4.65,0.47,27.6,0,0.0,0,0,0,0,0,0.0,0.0,0.0
177,shipped,legacy,e_corridor2_fullocc,legacy,,,candidate,True,4.65,0.47,27.6,0,0.0,0,0,0,0,0,0.0,0.0,0.0
178,shipped,legacy,f_damaging_row,legacy,,,baseline,True,10.0,56.01,56.7,0,2.0,33,0,0,0,17,1.6,0.0,0.0
178,shipped,legacy,f_damaging_row,legacy,,,candidate,True,10.0,56.01,56.7,0,2.0,33,0,0,0,17,1.6,0.0,0.0
179,shipped,legacy,f_lava_detour,legacy,,,baseline,True,7.7,0.33,45.9,0,0.0,0,0,0,0,0,0.0,0.0,0.0
179,shipped,legacy,f_lava_detour,legacy,,,candidate,True,7.7,0.33,45.9,0,0.0,0,0,0,0,0,0.0,0.0,0.0
180,shipped,legacy,f_lava_pressure,legacy,,,baseline,True,10.0,56.01,56.7,0,2.0,33,0,0,0,17,1.6,0.0,0.0
180,shipped,legacy,f_lava_pressure,legacy,,,candidate,True,10.0,56.01,56.7,0,2.0,33,0,0,0,17,1.6,0.0,0.0
181,shipped,legacy,g_fullocc_gap,legacy,,,baseline,True,2.97,0.32,17.3,0,0.0,2,0,0,0,0,0.0,0.0,0.0
181,shipped,legacy,g_fullocc_gap,legacy,,,candidate,True,2.97,0.32,17.3,0,0.0,2,0,0,0,0,0.0,0.0,0.0
182,shipped,legacy,h_learned_keepout,legacy,,,baseline,True,8.8,0.32,52.8,0,0.0,0,0,0,0,0,0.11,0.0,0.0
182,shipped,legacy,h_learned_keepout,legacy,,,candidate,True,8.8,0.32,52.8,0,0.0,0,0,0,0,0,0.11,0.0,0.0
183,shipped,legacy,j_hidden_blocker,legacy,,,baseline,True,4.8,0.37,22.4,0,0.0,37,58,0,0,2,0.62,0.0,0.0
183,shipped,legacy,j_hidden_blocker,legacy,,,candidate,True,4.8,0.37,22.4,0,0.0,37,58,0,0,2,0.62,0.0,0.0
184,shipped,legacy,i_tilelist_revisit,legacy,,,baseline,True,1.93,0.37,11.6,0,0.0,0,0,0,0,0,0.0,0.0,0.0
184,shipped,legacy,i_tilelist_revisit,legacy,,,candidate,True,1.93,0.37,11.6,0,0.0,0,0,0,0,0,0.0,0.0,0.0
185,shipped,legacy,i_tilelist_frontier,legacy,,,baseline,True,1.93,0.37,11.6,0,0.0,0,0,0,0,0,0.0,0.0,0.0
185,shipped,legacy,i_tilelist_frontier,legacy,,,candidate,True,1.93,0.37,11.6,0,0.0,0,0,0,0,0,0.0,0.0,0.0
186,shipped,legacy,k_slowed_midwalk,legacy,,,baseline,True,3.93,0.33,23.7,0,0.0,0,0,0,0,0,0.0,0.0,0.0
186,shipped,legacy,k_slowed_midwalk,legacy,,,candidate,True,3.93,0.33,23.7,0,0.0,0,0,0,0,0,0.0,0.0,0.0
187,shipped,legacy,k_paralyzed_midwalk,legacy,,,baseline,True,3.72,0.36,15.6,0,0.0,67,0,0,0,1,0.0,0.0,0.0
187,shipped,legacy,k_paralyzed_midwalk,legacy,,,candidate,True,3.72,0.36,15.6,0,0.0,67,0,0,0,1,0.0,0.0,0.0
188,shipped,legacy,k_water_midpath,legacy,,,baseline,True,2.33,0.22,19.8,0,0.0,0,0,0,0,0,0.0,0.0,0.0
188,shipped,legacy,k_water_midpath,legacy,,,candidate,True,2.33,0.22,19.8,0,0.0,0,0,0,0,0,0.0,0.0,0.0
189,shipped,legacy,k_dodge_in_water,legacy,,,baseline,True,1.82,0.38,11.6,0,0.0,0,0,0,0,0,0.0,0.0,0.0
189,shipped,legacy,k_dodge_in_water,legacy,,,candidate,True,1.82,0.38,11.6,0,0.0,0,0,0,0,0,0.0,0.0,0.0
190,shipped,legacy,k_speedy_walk,legacy,,,baseline,True,2.63,0.3,23.7,0,0.0,0,0,0,0,0,0.0,0.0,0.0
190,shipped,legacy,k_speedy_walk,legacy,,,candidate,True,2.63,0.3,23.7,0,0.0,0,0,0,0,0,0.0,0.0,0.0
191,shipped,legacy,k_slowed_water,legacy,,,baseline,True,5.53,0.41,19.6,0,0.0,0,0,0,0,0,0.0,0.0,0.0
191,shipped,legacy,k_slowed_water,legacy,,,candidate,True,5.53,0.41,19.6,0,0.0,0,0,0,0,0,0.0,0.0,0.0
192,shipped,legacy,k_mixed_water_land,legacy,,,baseline,True,4.25,0.21,35.2,0,0.0,0,0,0,0,0,0.0,0.0,0.0
192,shipped,legacy,k_mixed_water_land,legacy,,,candidate,True,4.25,0.21,35.2,0,0.0,0,0,0,0,0,0.0,0.0,0.0
193,shipped,legacy,l_walk_past_shotgun,legacy,,,baseline,True,4.32,0.36,25.9,0,0.0,0,0,0,0,0,0.0,0.0,0.0
193,shipped,legacy,l_walk_past_shotgun,legacy,,,candidate,True,4.32,0.36,25.9,0,0.0,0,0,0,0,0,0.0,0.0,0.0
194,shipped,legacy,l_walk_past_bomber,legacy,,,baseline,True,4.17,0.31,25.1,0,0.0,0,0,0,0,0,0.0,0.0,0.0
194,shipped,legacy,l_walk_past_bomber,legacy,,,candidate,True,4.17,0.31,25.1,0,0.0,0,0,0,0,0,0.0,0.0,0.0
195,shipped,legacy,l_lock_boss_dies,legacy,,,baseline,True,3.57,0.0,22.2,0,0.0,0,0,0,0,0,0.0,1.0,0.0183
195,shipped,legacy,l_lock_boss_dies,legacy,,,candidate,True,3.57,0.0,22.2,0,0.0,0,0,0,0,0,0.0,1.0,0.0183
196,shipped,legacy,l_lock_boss_invuln,legacy,,,baseline,True,3.57,0.0,22.2,0,0.0,0,0,0,0,0,0.0,1.0,0.0183
196,shipped,legacy,l_lock_boss_invuln,legacy,,,candidate,True,3.57,0.0,22.2,0,0.0,0,0,0,0,0,0.0,1.0,0.0183
197,shipped,legacy,m_pinch_nowalk,legacy,,,baseline,False,30.0,35.06,179.5,0,2.0,7,0,0,0,2,0.07,0.0,0.0
197,shipped,legacy,m_pinch_nowalk,legacy,,,candidate,False,30.0,35.06,179.5,0,2.0,7,0,0,0,2,0.07,0.0,0.0
198,shipped,legacy,m_pinch_fulloccupy,legacy,,,baseline,True,30.0,35.06,179.5,0,2.0,7,0,0,0,2,0.07,0.0,0.0
198,shipped,legacy,m_pinch_fulloccupy,legacy,,,candidate,True,30.0,35.06,179.5,0,2.0,7,0,0,0,2,0.07,0.0,0.0
199,shipped,legacy,m_pinch_object,legacy,,,baseline,False,30.0,35.06,179.5,0,2.0,7,0,0,0,2,0.07,0.0,0.0
199,shipped,legacy,m_pinch_object,legacy,,,candidate,False,30.0,35.06,179.5,0,2.0,7,0,0,0,2,0.07,0.0,0.0
200,shipped,legacy,p_walk_through_pack,legacy,,,baseline,False,5.6,0.38,33.7,0,0.0,0,0,0,0,0,0.36,0.0,0.0
200,shipped,legacy,p_walk_through_pack,legacy,,,candidate,False,5.6,0.38,33.7,0,0.0,0,0,0,0,0,0.36,0.0,0.0
201,shipped,legacy,p_walk_pack_crossfire,legacy,,,baseline,False,5.65,0.3,33.9,0,0.0,0,0,0,0,0,0.35,0.0,0.0
201,shipped,legacy,p_walk_pack_crossfire,legacy,,,candidate,False,5.65,0.3,33.9,0,0.0,0,0,0,0,0,0.35,0.0,0.0
202,shipped,legacy,p_walk_pack_late_crossfire,legacy,,,baseline,False,17.45,0.36,98.0,6,0.0,68,0,0,0,2,1.38,0.0,0.0
202,shipped,legacy,p_walk_pack_late_crossfire,legacy,,,candidate,False,17.45,0.36,98.0,6,0.0,68,0,0,0,2,1.38,0.0,0.0
203,shipped,legacy,p_lock_boss_standoff,legacy,,,baseline,True,2.02,0.0,13.8,0,0.0,0,0,0,0,0,0.0,1.0,0.0025
203,shipped,legacy,p_lock_boss_standoff,legacy,,,candidate,True,2.02,0.0,13.8,0,0.0,0,0,0,0,0,0.0,1.0,0.0025
204,shipped,legacy,z_moveto_no_clamp,legacy,,,baseline,True,0.0,0.0,0.0,0,0.0,0,0,0,0,0,0.0,0.0,0.0
204,shipped,legacy,z_moveto_no_clamp,legacy,,,candidate,True,0.0,0.0,0.0,0,0.0,0,0,0,0,0,0.0,0.0,0.0
205,shipped,legacy,n_rooms1_nowalk_forward,legacy,,,baseline,True,13.97,0.41,83.8,0,0.0,0,0,0,0,0,0.07,0.0,0.0
205,shipped,legacy,n_rooms1_nowalk_forward,legacy,,,candidate,True,13.97,0.41,83.8,0,0.0,0,0,0,0,0,0.07,0.0,0.0
206,shipped,legacy,n_rooms1_nowalk_reverse,legacy,,,baseline,True,13.93,0.38,83.6,0,0.0,0,0,0,0,0,0.0,0.0,0.0
206,shipped,legacy,n_rooms1_nowalk_reverse,legacy,,,candidate,True,13.93,0.38,83.6,0,0.0,0,0,0,0,0,0.0,0.0,0.0
207,shipped,legacy,n_rooms2_nowalk_forward,legacy,,,baseline,True,13.68,0.37,82.1,0,0.0,0,0,0,0,0,0.0,0.0,0.0
207,shipped,legacy,n_rooms2_nowalk_forward,legacy,,,candidate,True,13.68,0.37,82.1,0,0.0,0,0,0,0,0,0.0,0.0,0.0
208,shipped,legacy,n_rooms2_nowalk_reverse,legacy,,,baseline,True,13.77,0.37,82.6,0,0.0,0,0,0,0,0,0.0,0.0,0.0
208,shipped,legacy,n_rooms2_nowalk_reverse,legacy,,,candidate,True,13.77,0.37,82.6,0,0.0,0,0,0,0,0,0.0,0.0,0.0
209,shipped,legacy,n_rooms1_fullocc_forward,legacy,,,baseline,True,13.98,0.4,83.8,0,0.0,1,0,0,0,0,0.0,0.0,0.0
209,shipped,legacy,n_rooms1_fullocc_forward,legacy,,,candidate,True,13.98,0.4,83.8,0,0.0,1,0,0,0,0,0.0,0.0,0.0
210,shipped,legacy,n_rooms1_fullocc_reverse,legacy,,,baseline,True,13.95,0.36,83.7,0,0.0,0,0,0,0,0,0.0,0.0,0.0
210,shipped,legacy,n_rooms1_fullocc_reverse,legacy,,,candidate,True,13.95,0.36,83.7,0,0.0,0,0,0,0,0,0.0,0.0,0.0
211,shipped,legacy,n_rooms2_fullocc_forward,legacy,,,baseline,True,13.7,0.37,82.2,0,0.0,0,0,0,0,0,0.0,0.0,0.0
211,shipped,legacy,n_rooms2_fullocc_forward,legacy,,,candidate,True,13.7,0.37,82.2,0,0.0,0,0,0,0,0,0.0,0.0,0.0
212,shipped,legacy,n_rooms2_fullocc_reverse,legacy,,,baseline,True,13.75,0.36,82.6,0,0.0,0,0,0,0,0,0.0,0.0,0.0
212,shipped,legacy,n_rooms2_fullocc_reverse,legacy,,,candidate,True,13.75,0.36,82.6,0,0.0,0,0,0,0,0,0.0,0.0,0.0
213,shipped,legacy,n_rooms_reveal_forward,legacy,,,baseline,True,14.13,0.34,84.1,0,0.0,6,0,0,0,6,0.0,0.0,0.0
213,shipped,legacy,n_rooms_reveal_forward,legacy,,,candidate,True,14.13,0.34,84.1,0,0.0,6,0,0,0,6,0.0,0.0,0.0
214,shipped,legacy,n_rooms_reveal_reverse,legacy,,,baseline,True,14.45,0.34,85.4,0,0.0,10,0,0,0,6,0.0,0.0,0.0
214,shipped,legacy,n_rooms_reveal_reverse,legacy,,,candidate,True,14.45,0.31,85.4,0,0.0,10,0,0,0,6,0.0,0.0,0.0
215,shipped,legacy,o_pending_map_waypoint,legacy,,,baseline,True,4.63,0.36,27.7,0,0.0,0,0,0,0,0,0.0,0.0,0.0
215,shipped,legacy,o_pending_map_waypoint,legacy,,,candidate,True,4.63,0.36,27.7,0,0.0,0,0,0,0,0,0.0,0.0,0.0
216,shipped,legacy,o_pending_map_blocked,legacy,,,baseline,True,8.0,33.16,47.5,0,0.0,4,0,0,0,1,0.12,0.0,0.0
216,shipped,legacy,o_pending_map_blocked,legacy,,,candidate,True,8.0,33.16,47.5,0,0.0,4,0,0,0,1,0.12,0.0,0.0
217,shipped,legacy,n_rooms1_fullocc_forward,legacy,4,-0.2,baseline,True,21.1,0.39,84.1,0,0.0,3,0,0,0,0,0.0,0.0,0.0
217,shipped,legacy,n_rooms1_fullocc_forward,legacy,4,-0.2,candidate,True,21.1,0.39,84.1,0,0.0,3,0,0,0,0,0.0,0.0,0.0
218,shipped,legacy,n_rooms1_fullocc_forward,legacy,4,0,baseline,True,21.05,0.44,83.8,0,0.0,5,0,0,0,0,0.0,0.0,0.0
218,shipped,legacy,n_rooms1_fullocc_forward,legacy,4,0,candidate,True,21.05,0.44,83.8,0,0.0,5,0,0,0,0,0.0,0.0,0.0
219,shipped,legacy,n_rooms1_fullocc_forward,legacy,4,0.2,baseline,True,20.98,0.39,83.6,0,0.0,4,0,0,0,0,0.0,0.0,0.0
219,shipped,legacy,n_rooms1_fullocc_forward,legacy,4,0.2,candidate,True,20.98,0.39,83.6,0,0.0,4,0,0,0,0,0.0,0.0,0.0
220,shipped,legacy,n_rooms1_fullocc_forward,legacy,6,-0.2,baseline,True,14.02,0.4,84.0,0,0.0,1,0,0,0,0,0.0,0.0,0.0
220,shipped,legacy,n_rooms1_fullocc_forward,legacy,6,-0.2,candidate,True,14.02,0.4,84.0,0,0.0,1,0,0,0,0,0.0,0.0,0.0
221,shipped,legacy,n_rooms1_fullocc_forward,legacy,6,0,baseline,True,13.98,0.4,83.8,0,0.0,1,0,0,0,0,0.0,0.0,0.0
221,shipped,legacy,n_rooms1_fullocc_forward,legacy,6,0,candidate,True,13.98,0.4,83.8,0,0.0,1,0,0,0,0,0.0,0.0,0.0
222,shipped,legacy,n_rooms1_fullocc_forward,legacy,6,0.2,baseline,True,13.95,0.41,83.5,0,0.0,2,0,0,0,0,0.0,0.0,0.0
222,shipped,legacy,n_rooms1_fullocc_forward,legacy,6,0.2,candidate,True,13.95,0.41,83.5,0,0.0,2,0,0,0,0,0.0,0.0,0.0
223,shipped,legacy,n_rooms1_fullocc_forward,legacy,9,-0.2,baseline,True,9.38,0.34,84.0,0,0.0,1,0,0,0,0,0.0,0.0,0.0
223,shipped,legacy,n_rooms1_fullocc_forward,legacy,9,-0.2,candidate,True,9.38,0.34,84.0,0,0.0,1,0,0,0,0,0.0,0.0,0.0
224,shipped,legacy,n_rooms1_fullocc_forward,legacy,9,0,baseline,True,9.38,0.34,83.8,0,0.0,3,0,0,0,0,0.0,0.0,0.0
224,shipped,legacy,n_rooms1_fullocc_forward,legacy,9,0,candidate,True,9.38,0.34,83.8,0,0.0,3,0,0,0,0,0.0,0.0,0.0
225,shipped,legacy,n_rooms1_fullocc_forward,legacy,9,0.2,baseline,True,9.35,0.34,83.5,0,0.0,2,0,0,0,0,0.0,0.0,0.0
225,shipped,legacy,n_rooms1_fullocc_forward,legacy,9,0.2,candidate,True,9.35,0.34,83.5,0,0.0,2,0,0,0,0,0.0,0.0,0.0
226,shipped,legacy,n_rooms_remote_forward,dstar,,,baseline,True,86.2,0.38,518.3,0,0.0,0,0,0,0,131,0.01,0.0,0.0
226,shipped,legacy,n_rooms_remote_forward,dstar,,,candidate,True,86.2,0.38,518.3,0,0.0,0,0,0,0,131,0.01,0.0,0.0
227,shipped,legacy,n_rooms1_fullocc_reverse,legacy,4,-0.2,baseline,True,20.9,0.39,83.4,0,0.0,0,0,0,0,0,0.0,0.0,0.0
227,shipped,legacy,n_rooms1_fullocc_reverse,legacy,4,-0.2,candidate,True,20.9,0.39,83.4,0,0.0,0,0,0,0,0,0.0,0.0,0.0
228,shipped,legacy,n_rooms1_fullocc_reverse,legacy,4,0,baseline,True,20.95,0.41,83.6,0,0.0,1,0,0,0,0,0.0,0.0,0.0
228,shipped,legacy,n_rooms1_fullocc_reverse,legacy,4,0,candidate,True,20.95,0.41,83.6,0,0.0,1,0,0,0,0,0.0,0.0,0.0
229,shipped,legacy,n_rooms1_fullocc_reverse,legacy,4,0.2,baseline,True,21.05,0.43,84.0,0,0.0,2,0,0,0,0,0.0,0.0,0.0
229,shipped,legacy,n_rooms1_fullocc_reverse,legacy,4,0.2,candidate,True,21.05,0.43,84.0,0,0.0,2,0,0,0,0,0.0,0.0,0.0
230,shipped,legacy,n_rooms1_fullocc_reverse,legacy,6,-0.2,baseline,True,13.93,0.35,83.4,0,0.0,1,0,0,0,0,0.0,0.0,0.0
230,shipped,legacy,n_rooms1_fullocc_reverse,legacy,6,-0.2,candidate,True,13.93,0.35,83.4,0,0.0,1,0,0,0,0,0.0,0.0,0.0
231,shipped,legacy,n_rooms1_fullocc_reverse,legacy,6,0,baseline,True,13.95,0.36,83.7,0,0.0,0,0,0,0,0,0.0,0.0,0.0
231,shipped,legacy,n_rooms1_fullocc_reverse,legacy,6,0,candidate,True,13.95,0.36,83.7,0,0.0,0,0,0,0,0,0.0,0.0,0.0
232,shipped,legacy,n_rooms1_fullocc_reverse,legacy,6,0.2,baseline,True,14.0,0.45,84.0,0,0.0,0,0,0,0,0,0.0,0.0,0.0
232,shipped,legacy,n_rooms1_fullocc_reverse,legacy,6,0.2,candidate,True,14.0,0.45,84.0,0,0.0,0,0,0,0,0,0.0,0.0,0.0
233,shipped,legacy,n_rooms1_fullocc_reverse,legacy,9,-0.2,baseline,True,9.58,0.34,83.6,0,0.0,15,0,0,0,0,0.0,0.0,0.0
233,shipped,legacy,n_rooms1_fullocc_reverse,legacy,9,-0.2,candidate,True,9.58,0.34,83.6,0,0.0,15,0,0,0,0,0.0,0.0,0.0
234,shipped,legacy,n_rooms1_fullocc_reverse,legacy,9,0,baseline,True,9.4,0.39,83.8,0,0.0,1,0,0,0,0,0.0,0.0,0.0
234,shipped,legacy,n_rooms1_fullocc_reverse,legacy,9,0,candidate,True,9.4,0.39,83.8,0,0.0,1,0,0,0,0,0.0,0.0,0.0
235,shipped,legacy,n_rooms1_fullocc_reverse,legacy,9,0.2,baseline,True,9.4,0.48,83.9,0,0.0,1,0,0,0,0,0.0,0.0,0.0
235,shipped,legacy,n_rooms1_fullocc_reverse,legacy,9,0.2,candidate,True,9.4,0.48,83.9,0,0.0,1,0,0,0,0,0.0,0.0,0.0
236,shipped,legacy,n_rooms_remote_reverse,dstar,,,baseline,True,83.43,0.44,501.5,0,0.0,0,0,0,0,127,0.0,0.0,0.0
236,shipped,legacy,n_rooms_remote_reverse,dstar,,,candidate,True,83.43,0.44,501.5,0,0.0,0,0,0,0,127,0.0,0.0,0.0
237,shipped,game,a_lake_deep_speed,legacy,,,baseline,True,5.17,0.33,28.2,0,0.0,24,0,0,0,0,0.0,0.0,0.0
237,shipped,game,a_lake_deep_speed,legacy,,,candidate,True,4.95,0.33,28.2,0,0.0,12,0,0,0,0,0.0,0.0,0.0
238,shipped,game,a_lake_deep_plain,legacy,,,baseline,True,5.17,0.33,28.2,0,0.0,24,0,0,0,0,0.0,0.0,0.0
238,shipped,game,a_lake_deep_plain,legacy,,,candidate,True,4.95,0.33,28.2,0,0.0,12,0,0,0,0,0.0,0.0,0.0
239,shipped,game,a_lake_shallow,legacy,,,baseline,True,5.22,0.43,27.0,0,0.0,10,0,0,0,0,0.0,0.0,0.0
239,shipped,game,a_lake_shallow,legacy,,,candidate,True,5.05,0.33,27.1,0,0.0,0,0,0,0,0,0.0,0.0,0.0
240,shipped,game,a_river_deep_speed,legacy,,,baseline,True,11.08,0.31,66.1,0,0.0,2,0,0,0,0,0.0,0.0,0.0
240,shipped,game,a_river_deep_speed,legacy,,,candidate,True,11.07,0.31,66.1,0,0.0,1,0,0,0,0,0.0,0.0,0.0
241,shipped,game,a_river_shallow,legacy,,,baseline,True,2.82,0.43,14.6,0,0.0,2,0,0,0,0,0.0,0.0,0.0
241,shipped,game,a_river_shallow,legacy,,,candidate,True,2.78,0.33,14.7,0,0.0,0,0,0,0,0,0.0,0.0,0.0
242,shipped,game,b_tree_cluster,legacy,,,baseline,True,3.68,0.35,20.4,0,0.0,14,0,0,0,0,0.0,0.0,0.0
242,shipped,game,b_tree_cluster,legacy,,,candidate,True,3.68,0.35,20.4,0,0.0,14,0,0,0,0,0.0,0.0,0.0
243,shipped,game,b_tree_cluster2,legacy,,,baseline,True,4.43,0.32,22.7,0,0.0,32,0,0,0,0,0.23,0.0,0.0
243,shipped,game,b_tree_cluster2,legacy,,,candidate,True,4.42,0.32,22.7,0,0.0,33,0,0,0,0,0.23,0.0,0.0
244,shipped,game,c_u_wall,legacy,,,baseline,True,4.98,0.4,28.0,0,0.0,18,0,0,0,0,0.0,0.0,0.0
244,shipped,game,c_u_wall,legacy,,,candidate,True,4.97,0.4,28.0,0,0.0,17,0,0,0,0,0.0,0.0,0.0
245,shipped,game,c_u_wall_lock,legacy,,,baseline,True,4.47,0.0,26.4,0,0.0,0,0,0,0,0,0.0,1.0,0.0
245,shipped,game,c_u_wall_lock,legacy,,,candidate,True,4.47,0.0,26.4,0,0.0,0,0,0,0,0,0.0,1.0,0.0
246,shipped,game,d_boss_open_rings,legacy,,,baseline,True,1.67,0.0,12.6,0,0.0,0,0,0,0,0,0.05,1.0,0.0101
246,shipped,game,d_boss_open_rings,legacy,,,candidate,True,1.67,0.0,12.6,0,0.0,0,0,0,0,0,0.05,1.0,0.0101
247,shipped,game,d_boss_wall_rings,legacy,,,baseline,True,2.72,0.0,15.6,0,0.0,0,8,0,0,1,0.05,1.0,0.0117
247,shipped,game,d_boss_wall_rings,legacy,,,candidate,True,2.72,0.0,15.6,0,0.0,0,8,0,0,1,0.05,1.0,0.0117
248,shipped,game,d_boss_open_dense,legacy,,,baseline,False,2.43,0.0,179.4,0,0.0,0,0,0,0,10,1.4,0.12,0.3088
248,shipped,game,d_boss_open_dense,legacy,,,candidate,False,2.43,0.0,179.4,0,0.0,0,0,0,0,10,1.4,0.12,0.3088
249,shipped,game,d_boss_wall_dense,legacy,,,baseline,False,5.32,0.0,167.5,0,0.0,0,0,0,0,12,1.05,0.21,0.2848
249,shipped,game,d_boss_wall_dense,legacy,,,candidate,False,5.32,0.0,167.5,0,0.0,0,0,0,0,12,1.05,0.21,0.2848
250,shipped,game,d_boss_open_dense_x100,legacy,,,baseline,False,2.43,0.0,179.4,0,0.0,0,0,0,0,10,1.4,0.12,0.3088
250,shipped,game,d_boss_open_dense_x100,legacy,,,candidate,False,2.43,0.0,179.4,0,0.0,0,0,0,0,10,1.4,0.12,0.3088
251,shipped,game,d_boss_wall_dense_x100,legacy,,,baseline,False,5.32,0.0,167.5,0,0.0,0,0,0,0,12,1.05,0.21,0.2848
251,shipped,game,d_boss_wall_dense_x100,legacy,,,candidate,False,5.32,0.0,167.5,0,0.0,0,0,0,0,12,1.05,0.21,0.2848
252,shipped,game,d_boss_open_dense_x065,legacy,,,baseline,False,2.32,0.0,155.0,0,0.0,0,0,0,0,11,1.25,0.36,0.3013
252,shipped,game,d_boss_open_dense_x065,legacy,,,candidate,False,2.32,0.0,155.0,0,0.0,0,0,0,0,11,1.25,0.36,0.3013
253,shipped,game,d_boss_wall_dense_x065,legacy,,,baseline,False,2.83,0.0,155.9,0,0.0,0,1,0,0,10,1.65,0.47,0.2776
253,shipped,game,d_boss_wall_dense_x065,legacy,,,candidate,False,2.83,0.0,155.9,0,0.0,0,1,0,0,10,1.65,0.47,0.2776
254,shipped,game,e_corridor1_nowalk,legacy,,,baseline,True,4.72,0.34,28.0,0,0.0,2,0,0,0,0,0.0,0.0,0.0
254,shipped,game,e_corridor1_nowalk,legacy,,,candidate,True,4.7,0.31,28.0,0,0.0,1,0,0,0,0,0.0,0.0,0.0
255,shipped,game,e_corridor1_fullocc,legacy,,,baseline,True,4.85,0.36,28.6,0,0.0,4,0,0,0,0,0.0,0.0,0.0
255,shipped,game,e_corridor1_fullocc,legacy,,,candidate,True,4.85,0.36,28.6,0,0.0,4,0,0,0,0,0.0,0.0,0.0
256,shipped,game,e_corridor2_fullocc,legacy,,,baseline,True,4.68,0.36,27.7,0,0.0,3,0,0,0,0,0.0,0.0,0.0
256,shipped,game,e_corridor2_fullocc,legacy,,,candidate,True,4.68,0.36,27.7,0,0.0,3,0,0,0,0,0.0,0.0,0.0
257,shipped,game,f_damaging_row,legacy,,,baseline,True,10.0,56.0,56.0,0,2.0,40,0,0,0,16,1.5,0.0,0.0
257,shipped,game,f_damaging_row,legacy,,,candidate,True,10.0,56.01,56.7,0,2.0,33,0,0,0,17,1.6,0.0,0.0
258,shipped,game,f_lava_detour,legacy,,,baseline,True,7.68,0.31,43.8,0,0.0,19,0,0,0,0,0.0,0.0,0.0
258,shipped,game,f_lava_detour,legacy,,,candidate,True,7.68,0.31,43.8,0,0.0,19,0,0,0,0,0.0,0.0,0.0
259,shipped,game,f_lava_pressure,legacy,,,baseline,True,10.0,56.0,56.0,0,2.0,40,0,0,0,16,1.5,0.0,0.0
259,shipped,game,f_lava_pressure,legacy,,,candidate,True,10.0,56.01,56.7,0,2.0,33,0,0,0,17,1.6,0.0,0.0
260,shipped,game,g_fullocc_gap,legacy,,,baseline,True,3.07,0.31,17.3,0,0.0,7,0,0,0,0,0.0,0.0,0.0
260,shipped,game,g_fullocc_gap,legacy,,,candidate,True,3.05,0.31,17.3,0,0.0,7,0,0,0,0,0.0,0.0,0.0
261,shipped,game,h_learned_keepout,legacy,,,baseline,True,8.93,0.38,50.4,0,0.0,30,0,0,0,0,0.11,0.0,0.0
261,shipped,game,h_learned_keepout,legacy,,,candidate,True,8.93,0.38,50.4,0,0.0,30,0,0,0,0,0.11,0.0,0.0
262,shipped,game,j_hidden_blocker,legacy,,,baseline,True,5.25,0.31,22.9,0,0.0,56,60,0,0,2,0.57,0.0,0.0
262,shipped,game,j_hidden_blocker,legacy,,,candidate,True,4.8,0.37,22.4,0,0.0,37,58,0,0,2,0.62,0.0,0.0
263,shipped,game,i_tilelist_revisit,legacy,,,baseline,True,1.95,0.37,11.6,0,0.0,1,0,0,0,0,0.0,0.0,0.0
263,shipped,game,i_tilelist_revisit,legacy,,,candidate,True,1.93,0.37,11.6,0,0.0,0,0,0,0,0,0.0,0.0,0.0
264,shipped,game,i_tilelist_frontier,legacy,,,baseline,True,1.95,0.37,11.6,0,0.0,1,0,0,0,0,0.0,0.0,0.0
264,shipped,game,i_tilelist_frontier,legacy,,,candidate,True,1.93,0.37,11.6,0,0.0,0,0,0,0,0,0.0,0.0,0.0
265,shipped,game,k_slowed_midwalk,legacy,,,baseline,True,3.95,0.33,23.7,0,0.0,1,0,0,0,0,0.0,0.0,0.0
265,shipped,game,k_slowed_midwalk,legacy,,,candidate,True,3.93,0.33,23.7,0,0.0,0,0,0,0,0,0.0,0.0,0.0
266,shipped,game,k_paralyzed_midwalk,legacy,,,baseline,True,3.73,0.36,15.6,0,0.0,68,0,0,0,1,0.0,0.0,0.0
266,shipped,game,k_paralyzed_midwalk,legacy,,,candidate,True,3.72,0.36,15.6,0,0.0,67,0,0,0,1,0.0,0.0,0.0
267,shipped,game,k_water_midpath,legacy,,,baseline,True,2.35,0.22,19.8,0,0.0,1,0,0,0,0,0.0,0.0,0.0
267,shipped,game,k_water_midpath,legacy,,,candidate,True,2.33,0.22,19.8,0,0.0,0,0,0,0,0,0.0,0.0,0.0
268,shipped,game,k_dodge_in_water,legacy,,,baseline,True,1.83,0.38,11.6,0,0.0,1,0,0,0,0,0.0,0.0,0.0
268,shipped,game,k_dodge_in_water,legacy,,,candidate,True,1.83,0.38,11.6,0,0.0,1,0,0,0,0,0.0,0.0,0.0
269,shipped,game,k_speedy_walk,legacy,,,baseline,True,2.65,0.3,23.7,0,0.0,1,0,0,0,0,0.0,0.0,0.0
269,shipped,game,k_speedy_walk,legacy,,,candidate,True,2.63,0.3,23.7,0,0.0,0,0,0,0,0,0.0,0.0,0.0
270,shipped,game,k_slowed_water,legacy,,,baseline,True,5.68,0.38,19.6,0,0.0,9,0,0,0,0,0.0,0.0,0.0
270,shipped,game,k_slowed_water,legacy,,,candidate,True,5.53,0.41,19.6,0,0.0,0,0,0,0,0,0.0,0.0,0.0
271,shipped,game,k_mixed_water_land,legacy,,,baseline,True,4.35,0.31,35.1,0,0.0,6,0,0,0,0,0.0,0.0,0.0
271,shipped,game,k_mixed_water_land,legacy,,,candidate,True,4.25,0.21,35.2,0,0.0,0,0,0,0,0,0.0,0.0,0.0
272,shipped,game,l_walk_past_shotgun,legacy,,,baseline,True,4.32,0.36,25.9,0,0.0,0,0,0,0,0,0.0,0.0,0.0
272,shipped,game,l_walk_past_shotgun,legacy,,,candidate,True,4.32,0.36,25.9,0,0.0,0,0,0,0,0,0.0,0.0,0.0
273,shipped,game,l_walk_past_bomber,legacy,,,baseline,True,4.18,0.31,25.1,0,0.0,1,0,0,0,0,0.0,0.0,0.0
273,shipped,game,l_walk_past_bomber,legacy,,,candidate,True,4.18,0.31,25.1,0,0.0,1,0,0,0,0,0.0,0.0,0.0
274,shipped,game,l_lock_boss_dies,legacy,,,baseline,True,3.57,0.0,22.2,0,0.0,0,0,0,0,0,0.0,1.0,0.0183
274,shipped,game,l_lock_boss_dies,legacy,,,candidate,True,3.57,0.0,22.2,0,0.0,0,0,0,0,0,0.0,1.0,0.0183
275,shipped,game,l_lock_boss_invuln,legacy,,,baseline,True,3.57,0.0,22.2,0,0.0,0,0,0,0,0,0.0,1.0,0.0183
275,shipped,game,l_lock_boss_invuln,legacy,,,candidate,True,3.57,0.0,22.2,0,0.0,0,0,0,0,0,0.0,1.0,0.0183
276,shipped,game,m_pinch_nowalk,legacy,,,baseline,True,2.75,0.34,16.2,0,0.0,2,0,0,0,0,0.0,0.0,0.0
276,shipped,game,m_pinch_nowalk,legacy,,,candidate,True,2.73,0.33,16.2,0,0.0,1,0,0,0,0,0.0,0.0,0.0
277,shipped,game,m_pinch_fulloccupy,legacy,,,baseline,True,30.0,33.89,178.3,0,0.0,16,0,0,0,2,0.07,0.0,0.0
277,shipped,game,m_pinch_fulloccupy,legacy,,,candidate,True,30.0,33.89,178.3,0,0.0,16,0,0,0,2,0.07,0.0,0.0
278,shipped,game,m_pinch_object,legacy,,,baseline,True,2.75,0.34,16.2,0,0.0,2,0,0,0,0,0.0,0.0,0.0
278,shipped,game,m_pinch_object,legacy,,,candidate,True,2.73,0.33,16.2,0,0.0,1,0,0,0,0,0.0,0.0,0.0
279,shipped,game,p_walk_through_pack,legacy,,,baseline,False,7.4,0.33,40.0,0,0.0,43,0,0,0,0,0.54,0.0,0.0
279,shipped,game,p_walk_through_pack,legacy,,,candidate,False,7.4,0.33,40.0,0,0.0,43,0,0,0,0,0.54,0.0,0.0
280,shipped,game,p_walk_pack_crossfire,legacy,,,baseline,False,9.2,0.31,40.5,0,0.0,145,0,0,0,0,0.65,0.0,0.0
280,shipped,game,p_walk_pack_crossfire,legacy,,,candidate,False,9.2,0.31,40.5,0,0.0,145,0,0,0,0,0.65,0.0,0.0
281,shipped,game,p_walk_pack_late_crossfire,legacy,,,baseline,False,19.62,0.49,92.6,0,0.0,248,0,0,0,3,0.61,0.0,0.0
281,shipped,game,p_walk_pack_late_crossfire,legacy,,,candidate,False,19.62,0.49,92.6,0,0.0,248,0,0,0,3,0.61,0.0,0.0
282,shipped,game,p_lock_boss_standoff,legacy,,,baseline,True,2.02,0.0,13.8,0,0.0,0,0,0,0,0,0.0,1.0,0.0025
282,shipped,game,p_lock_boss_standoff,legacy,,,candidate,True,2.02,0.0,13.8,0,0.0,0,0,0,0,0,0.0,1.0,0.0025
283,shipped,game,z_moveto_no_clamp,legacy,,,baseline,True,0.0,0.0,0.0,0,0.0,0,0,0,0,0,0.0,0.0,0.0
283,shipped,game,z_moveto_no_clamp,legacy,,,candidate,True,0.0,0.0,0.0,0,0.0,0,0,0,0,0,0.0,0.0,0.0
284,shipped,game,n_rooms1_nowalk_forward,legacy,,,baseline,True,14.05,0.38,82.6,0,0.0,16,0,0,0,0,0.0,0.0,0.0
284,shipped,game,n_rooms1_nowalk_forward,legacy,,,candidate,True,14.03,0.38,82.6,0,0.0,15,0,0,0,0,0.0,0.0,0.0
285,shipped,game,n_rooms1_nowalk_reverse,legacy,,,baseline,True,13.87,0.4,82.3,0,0.0,8,0,0,0,0,0.0,0.0,0.0
285,shipped,game,n_rooms1_nowalk_reverse,legacy,,,candidate,True,13.85,0.4,82.3,0,0.0,7,0,0,0,0,0.0,0.0,0.0
286,shipped,game,n_rooms2_nowalk_forward,legacy,,,baseline,True,13.97,0.35,81.5,0,0.0,22,0,0,0,0,0.0,0.0,0.0
286,shipped,game,n_rooms2_nowalk_forward,legacy,,,candidate,True,13.95,0.35,81.5,0,0.0,21,0,0,0,0,0.0,0.0,0.0
287,shipped,game,n_rooms2_nowalk_reverse,legacy,,,baseline,True,13.6,0.37,81.1,0,0.0,3,0,0,0,0,0.0,0.0,0.0
287,shipped,game,n_rooms2_nowalk_reverse,legacy,,,candidate,True,13.58,0.37,81.1,0,0.0,3,0,0,0,0,0.0,0.0,0.0
288,shipped,game,n_rooms1_fullocc_forward,legacy,,,baseline,True,14.55,0.41,83.8,0,0.0,35,0,0,0,0,0.0,0.0,0.0
288,shipped,game,n_rooms1_fullocc_forward,legacy,,,candidate,True,14.53,0.41,83.8,0,0.0,34,0,0,0,0,0.0,0.0,0.0
289,shipped,game,n_rooms1_fullocc_reverse,legacy,,,baseline,True,14.4,0.37,83.9,0,0.0,24,0,0,0,0,0.0,0.0,0.0
289,shipped,game,n_rooms1_fullocc_reverse,legacy,,,candidate,True,14.37,0.37,83.9,0,0.0,22,0,0,0,0,0.0,0.0,0.0
290,shipped,game,n_rooms2_fullocc_forward,legacy,,,baseline,True,14.22,0.45,82.0,0,0.0,30,0,0,0,0,0.0,0.0,0.0
290,shipped,game,n_rooms2_fullocc_forward,legacy,,,candidate,True,14.2,0.45,82.0,0,0.0,29,0,0,0,0,0.0,0.0,0.0
291,shipped,game,n_rooms2_fullocc_reverse,legacy,,,baseline,True,14.0,0.37,82.6,0,0.0,15,0,0,0,0,0.0,0.0,0.0
291,shipped,game,n_rooms2_fullocc_reverse,legacy,,,candidate,True,13.98,0.37,82.6,0,0.0,14,0,0,0,0,0.0,0.0,0.0
292,shipped,game,n_rooms_reveal_forward,legacy,,,baseline,True,14.35,0.34,83.2,0,0.0,24,0,0,0,6,0.0,0.0,0.0
292,shipped,game,n_rooms_reveal_forward,legacy,,,candidate,True,14.13,0.34,83.1,0,0.0,13,0,0,0,6,0.0,0.0,0.0
293,shipped,game,n_rooms_reveal_reverse,legacy,,,baseline,True,14.28,0.35,83.7,0,0.0,17,0,0,0,6,0.0,0.0,0.0
293,shipped,game,n_rooms_reveal_reverse,legacy,,,candidate,True,14.25,0.38,83.7,0,0.0,16,0,0,0,6,0.0,0.0,0.0
294,shipped,game,o_pending_map_waypoint,legacy,,,baseline,True,4.55,0.35,27.1,0,0.0,2,0,0,0,0,0.0,0.0,0.0
294,shipped,game,o_pending_map_waypoint,legacy,,,candidate,True,4.53,0.34,27.1,0,0.0,0,0,0,0,0,0.0,0.0,0.0
295,shipped,game,o_pending_map_blocked,legacy,,,baseline,True,8.0,33.16,47.5,0,0.0,4,0,0,0,1,0.12,0.0,0.0
295,shipped,game,o_pending_map_blocked,legacy,,,candidate,True,8.0,33.16,47.5,0,0.0,4,0,0,0,1,0.12,0.0,0.0
296,shipped,game,n_rooms1_fullocc_forward,legacy,4,-0.2,baseline,True,21.35,0.4,84.1,0,0.0,18,0,0,0,0,0.0,0.0,0.0
296,shipped,game,n_rooms1_fullocc_forward,legacy,4,-0.2,candidate,True,21.33,0.4,84.1,0,0.0,17,0,0,0,0,0.0,0.0,0.0
297,shipped,game,n_rooms1_fullocc_forward,legacy,4,0,baseline,True,21.35,0.4,83.8,0,0.0,22,0,0,0,0,0.0,0.0,0.0
297,shipped,game,n_rooms1_fullocc_forward,legacy,4,0,candidate,True,21.33,0.4,83.8,0,0.0,21,0,0,0,0,0.0,0.0,0.0
298,shipped,game,n_rooms1_fullocc_forward,legacy,4,0.2,baseline,True,21.35,0.4,83.6,0,0.0,26,0,0,0,0,0.0,0.0,0.0
298,shipped,game,n_rooms1_fullocc_forward,legacy,4,0.2,candidate,True,21.33,0.4,83.6,0,0.0,25,0,0,0,0,0.0,0.0,0.0
299,shipped,game,n_rooms1_fullocc_forward,legacy,6,-0.2,baseline,True,14.55,0.41,84.0,0,0.0,33,0,0,0,0,0.0,0.0,0.0
299,shipped,game,n_rooms1_fullocc_forward,legacy,6,-0.2,candidate,True,14.53,0.41,84.0,0,0.0,32,0,0,0,0,0.0,0.0,0.0
300,shipped,game,n_rooms1_fullocc_forward,legacy,6,0,baseline,True,14.55,0.41,83.8,0,0.0,35,0,0,0,0,0.0,0.0,0.0
300,shipped,game,n_rooms1_fullocc_forward,legacy,6,0,candidate,True,14.53,0.41,83.8,0,0.0,34,0,0,0,0,0.0,0.0,0.0
301,shipped,game,n_rooms1_fullocc_forward,legacy,6,0.2,baseline,True,14.35,0.41,83.5,0,0.0,26,0,0,0,0,0.0,0.0,0.0
301,shipped,game,n_rooms1_fullocc_forward,legacy,6,0.2,candidate,True,14.33,0.41,83.5,0,0.0,25,0,0,0,0,0.0,0.0,0.0
302,shipped,game,n_rooms1_fullocc_forward,legacy,9,-0.2,baseline,True,9.65,0.34,84.0,0,0.0,17,0,0,0,0,0.0,0.0,0.0
302,shipped,game,n_rooms1_fullocc_forward,legacy,9,-0.2,candidate,True,9.63,0.34,84.0,0,0.0,16,0,0,0,0,0.0,0.0,0.0
303,shipped,game,n_rooms1_fullocc_forward,legacy,9,0,baseline,True,9.65,0.34,83.8,0,0.0,19,0,0,0,0,0.0,0.0,0.0
303,shipped,game,n_rooms1_fullocc_forward,legacy,9,0,candidate,True,9.63,0.34,83.8,0,0.0,18,0,0,0,0,0.0,0.0,0.0
304,shipped,game,n_rooms1_fullocc_forward,legacy,9,0.2,baseline,True,9.65,0.34,83.5,0,0.0,20,0,0,0,0,0.0,0.0,0.0
304,shipped,game,n_rooms1_fullocc_forward,legacy,9,0.2,candidate,True,9.63,0.34,83.5,0,0.0,19,0,0,0,0,0.0,0.0,0.0
305,shipped,game,n_rooms_remote_forward,dstar,,,baseline,True,103.52,0.37,514.8,0,0.0,1063,0,0,0,132,0.01,0.0,0.0
305,shipped,game,n_rooms_remote_forward,dstar,,,candidate,True,86.58,0.4,516.7,0,0.0,36,0,0,0,133,0.01,0.0,0.0
306,shipped,game,n_rooms1_fullocc_reverse,legacy,4,-0.2,baseline,True,21.08,0.4,83.5,0,0.0,10,0,0,0,0,0.0,0.0,0.0
306,shipped,game,n_rooms1_fullocc_reverse,legacy,4,-0.2,candidate,True,21.03,0.37,83.5,0,0.0,8,0,0,0,0,0.0,0.0,0.0
307,shipped,game,n_rooms1_fullocc_reverse,legacy,4,0,baseline,True,21.28,0.4,83.8,0,0.0,18,0,0,0,0,0.0,0.0,0.0
307,shipped,game,n_rooms1_fullocc_reverse,legacy,4,0,candidate,True,21.23,0.37,83.8,0,0.0,16,0,0,0,0,0.0,0.0,0.0
308,shipped,game,n_rooms1_fullocc_reverse,legacy,4,0.2,baseline,True,21.28,0.4,84.1,0,0.0,14,0,0,0,0,0.0,0.0,0.0
308,shipped,game,n_rooms1_fullocc_reverse,legacy,4,0.2,candidate,True,21.23,0.37,84.1,0,0.0,12,0,0,0,0,0.0,0.0,0.0
309,shipped,game,n_rooms1_fullocc_reverse,legacy,6,-0.2,baseline,True,14.2,0.37,83.6,0,0.0,16,0,0,0,0,0.0,0.0,0.0
309,shipped,game,n_rooms1_fullocc_reverse,legacy,6,-0.2,candidate,True,14.17,0.37,83.6,0,0.0,14,0,0,0,0,0.0,0.0,0.0
310,shipped,game,n_rooms1_fullocc_reverse,legacy,6,0,baseline,True,14.4,0.37,83.9,0,0.0,24,0,0,0,0,0.0,0.0,0.0
310,shipped,game,n_rooms1_fullocc_reverse,legacy,6,0,candidate,True,14.37,0.37,83.9,0,0.0,22,0,0,0,0,0.0,0.0,0.0
311,shipped,game,n_rooms1_fullocc_reverse,legacy,6,0.2,baseline,True,14.4,0.37,84.1,0,0.0,23,0,0,0,0,0.0,0.0,0.0
311,shipped,game,n_rooms1_fullocc_reverse,legacy,6,0.2,candidate,True,14.37,0.37,84.1,0,0.0,21,0,0,0,0,0.0,0.0,0.0
312,shipped,game,n_rooms1_fullocc_reverse,legacy,9,-0.2,baseline,True,9.67,0.32,83.5,0,0.0,21,0,0,0,0,0.0,0.0,0.0
312,shipped,game,n_rooms1_fullocc_reverse,legacy,9,-0.2,candidate,True,9.65,0.32,83.5,0,0.0,20,0,0,0,0,0.0,0.0,0.0
313,shipped,game,n_rooms1_fullocc_reverse,legacy,9,0,baseline,True,9.67,0.32,83.8,0,0.0,19,0,0,0,0,0.0,0.0,0.0
313,shipped,game,n_rooms1_fullocc_reverse,legacy,9,0,candidate,True,9.65,0.32,83.8,0,0.0,18,0,0,0,0,0.0,0.0,0.0
314,shipped,game,n_rooms1_fullocc_reverse,legacy,9,0.2,baseline,True,9.67,0.32,84.1,0,0.0,18,0,0,0,0,0.0,0.0,0.0
314,shipped,game,n_rooms1_fullocc_reverse,legacy,9,0.2,candidate,True,9.65,0.32,84.1,0,0.0,17,0,0,0,0,0.0,0.0,0.0
315,shipped,game,n_rooms_remote_reverse,dstar,,,baseline,True,100.37,0.34,500.5,0,0.0,978,0,0,0,119,0.0,0.0,0.0
315,shipped,game,n_rooms_remote_reverse,dstar,,,candidate,True,83.97,0.34,500.5,0,0.0,40,0,0,0,126,0.0,0.0,0.0
