case,profile,rule,scenario,navigator,speed,start_shift,delay,phase,mirror,revision,success,time_s,final_dist,path_tiles,hits,stuck_s,paused_travel_frames,refused_moves,overspeed_moves,damaging_ground_frames,replans_nav_route,heading_reversals_per_s,in_range_frac,radial_out_frac
0,fixture,legacy,p_walk_pack_late_crossfire,legacy,,,0,0,False,baseline,True,5.53,0.38,33.3,0,0.0,0,0,0,0,0,0.0,0.0,0.0
0,fixture,legacy,p_walk_pack_late_crossfire,legacy,,,0,0,False,candidate,True,5.62,0.47,33.7,0,0.0,0,0,0,0,0,0.0,0.0,0.0
1,fixture,legacy,p_walk_pack_late_crossfire,legacy,,,0,0,True,baseline,True,5.52,0.4,33.2,0,0.0,0,0,0,0,0,0.0,0.0,0.0
1,fixture,legacy,p_walk_pack_late_crossfire,legacy,,,0,0,True,candidate,True,5.53,0.39,33.3,0,0.0,0,0,0,0,0,0.0,0.0,0.0
2,fixture,legacy,p_walk_pack_late_crossfire,legacy,,,0,150,False,baseline,True,5.53,0.39,33.3,0,0.0,0,0,0,0,0,0.0,0.0,0.0
2,fixture,legacy,p_walk_pack_late_crossfire,legacy,,,0,150,False,candidate,True,5.62,0.47,33.7,0,0.0,0,0,0,0,0,0.0,0.0,0.0
3,fixture,legacy,p_walk_pack_late_crossfire,legacy,,,0,150,True,baseline,True,5.52,0.39,33.2,0,0.0,0,0,0,0,0,0.0,0.0,0.0
3,fixture,legacy,p_walk_pack_late_crossfire,legacy,,,0,150,True,candidate,True,5.53,0.39,33.3,0,0.0,0,0,0,0,0,0.0,0.0,0.0
4,fixture,legacy,p_walk_pack_late_crossfire,legacy,,,0,350,False,baseline,True,5.55,0.31,33.4,0,0.0,0,0,0,0,0,0.0,0.0,0.0
4,fixture,legacy,p_walk_pack_late_crossfire,legacy,,,0,350,False,candidate,True,5.62,0.49,33.7,0,0.0,0,0,0,0,0,0.0,0.0,0.0
5,fixture,legacy,p_walk_pack_late_crossfire,legacy,,,0,350,True,baseline,True,5.53,0.3,33.3,0,0.0,0,0,0,0,0,0.0,0.0,0.0
5,fixture,legacy,p_walk_pack_late_crossfire,legacy,,,0,350,True,candidate,True,5.53,0.39,33.3,0,0.0,0,0,0,0,0,0.0,0.0,0.0
6,fixture,legacy,p_walk_pack_late_crossfire,legacy,,,100,0,False,baseline,True,5.55,0.38,33.4,0,0.0,0,0,0,0,0,0.0,0.0,0.0
6,fixture,legacy,p_walk_pack_late_crossfire,legacy,,,100,0,False,candidate,True,5.63,0.36,33.9,0,0.0,0,0,0,0,0,0.0,0.0,0.0
7,fixture,legacy,p_walk_pack_late_crossfire,legacy,,,100,0,True,baseline,True,5.55,0.31,33.4,0,0.0,0,0,0,0,0,0.0,0.0,0.0
7,fixture,legacy,p_walk_pack_late_crossfire,legacy,,,100,0,True,candidate,True,5.55,0.38,33.4,0,0.0,0,0,0,0,0,0.0,0.0,0.0
8,fixture,legacy,p_walk_pack_late_crossfire,legacy,,,100,150,False,baseline,False,5.53,0.37,33.3,0,0.0,0,0,0,0,0,0.0,0.0,0.0
8,fixture,legacy,p_walk_pack_late_crossfire,legacy,,,100,150,False,candidate,True,5.62,0.47,33.7,0,0.0,0,0,0,0,0,0.0,0.0,0.0
9,fixture,legacy,p_walk_pack_late_crossfire,legacy,,,100,150,True,baseline,True,5.52,0.39,33.2,0,0.0,0,0,0,0,0,0.0,0.0,0.0
9,fixture,legacy,p_walk_pack_late_crossfire,legacy,,,100,150,True,candidate,True,5.53,0.39,33.3,0,0.0,0,0,0,0,0,0.0,0.0,0.0
10,fixture,legacy,p_walk_pack_late_crossfire,legacy,,,100,350,False,baseline,True,5.57,0.31,33.5,0,0.0,0,0,0,0,0,0.0,0.0,0.0
10,fixture,legacy,p_walk_pack_late_crossfire,legacy,,,100,350,False,candidate,True,5.63,0.35,33.9,0,0.0,0,0,0,0,0,0.0,0.0,0.0
11,fixture,legacy,p_walk_pack_late_crossfire,legacy,,,100,350,True,baseline,True,5.53,0.37,33.3,0,0.0,0,0,0,0,0,0.0,0.0,0.0
11,fixture,legacy,p_walk_pack_late_crossfire,legacy,,,100,350,True,candidate,True,5.55,0.35,33.4,0,0.0,0,0,0,0,0,0.0,0.0,0.0
12,fixture,legacy,p_walk_pack_late_crossfire,legacy,,,200,0,False,baseline,True,5.7,0.36,33.9,0,0.0,4,0,0,0,0,0.0,0.0,0.0
12,fixture,legacy,p_walk_pack_late_crossfire,legacy,,,200,0,False,candidate,True,5.65,0.36,34.0,0,0.0,0,0,0,0,0,0.0,0.0,0.0
13,fixture,legacy,p_walk_pack_late_crossfire,legacy,,,200,0,True,baseline,True,5.58,0.35,33.6,0,0.0,0,0,0,0,0,0.0,0.0,0.0
13,fixture,legacy,p_walk_pack_late_crossfire,legacy,,,200,0,True,candidate,True,5.58,0.38,33.6,0,0.0,0,0,0,0,0,0.0,0.0,0.0
14,fixture,legacy,p_walk_pack_late_crossfire,legacy,,,200,150,False,baseline,True,5.6,0.32,33.7,0,0.0,0,0,0,0,0,0.0,0.0,0.0
14,fixture,legacy,p_walk_pack_late_crossfire,legacy,,,200,150,False,candidate,True,5.67,0.36,34.1,0,0.0,0,0,0,0,0,0.0,0.0,0.0
15,fixture,legacy,p_walk_pack_late_crossfire,legacy,,,200,150,True,baseline,True,5.6,0.31,33.7,0,0.0,0,0,0,0,0,0.0,0.0,0.0
15,fixture,legacy,p_walk_pack_late_crossfire,legacy,,,200,150,True,candidate,True,5.6,0.32,33.7,0,0.0,0,0,0,0,0,0.0,0.0,0.0
16,fixture,legacy,p_walk_pack_late_crossfire,legacy,,,200,350,False,baseline,True,5.58,0.34,33.6,0,0.0,0,0,0,0,0,0.0,0.0,0.0
16,fixture,legacy,p_walk_pack_late_crossfire,legacy,,,200,350,False,candidate,True,5.63,0.39,33.9,0,0.0,0,0,0,0,0,0.0,0.0,0.0
17,fixture,legacy,p_walk_pack_late_crossfire,legacy,,,200,350,True,baseline,True,5.57,0.35,33.5,0,0.0,0,0,0,0,0,0.0,0.0,0.0
17,fixture,legacy,p_walk_pack_late_crossfire,legacy,,,200,350,True,candidate,True,5.55,0.38,33.4,0,0.0,0,0,0,0,0,0.0,0.0,0.0
18,fixture,game,p_walk_pack_late_crossfire,legacy,,,0,0,False,baseline,True,5.55,0.38,33.3,0,0.0,1,0,0,0,0,0.0,0.0,0.0
18,fixture,game,p_walk_pack_late_crossfire,legacy,,,0,0,False,candidate,True,5.63,0.37,33.8,0,0.0,1,0,0,0,0,0.0,0.0,0.0
19,fixture,game,p_walk_pack_late_crossfire,legacy,,,0,0,True,baseline,True,5.53,0.4,33.2,0,0.0,1,0,0,0,0,0.0,0.0,0.0
19,fixture,game,p_walk_pack_late_crossfire,legacy,,,0,0,True,candidate,True,5.55,0.39,33.3,0,0.0,1,0,0,0,0,0.0,0.0,0.0
20,fixture,game,p_walk_pack_late_crossfire,legacy,,,0,150,False,baseline,True,5.55,0.39,33.3,0,0.0,1,0,0,0,0,0.0,0.0,0.0
20,fixture,game,p_walk_pack_late_crossfire,legacy,,,0,150,False,candidate,True,5.63,0.37,33.8,0,0.0,1,0,0,0,0,0.0,0.0,0.0
21,fixture,game,p_walk_pack_late_crossfire,legacy,,,0,150,True,baseline,True,5.53,0.39,33.2,0,0.0,1,0,0,0,0,0.0,0.0,0.0
21,fixture,game,p_walk_pack_late_crossfire,legacy,,,0,150,True,candidate,True,5.55,0.39,33.3,0,0.0,1,0,0,0,0,0.0,0.0,0.0
22,fixture,game,p_walk_pack_late_crossfire,legacy,,,0,350,False,baseline,True,5.57,0.31,33.4,0,0.0,1,0,0,0,0,0.0,0.0,0.0
22,fixture,game,p_walk_pack_late_crossfire,legacy,,,0,350,False,candidate,True,5.63,0.39,33.8,0,0.0,1,0,0,0,0,0.0,0.0,0.0
23,fixture,game,p_walk_pack_late_crossfire,legacy,,,0,350,True,baseline,True,5.55,0.3,33.3,0,0.0,1,0,0,0,0,0.0,0.0,0.0
23,fixture,game,p_walk_pack_late_crossfire,legacy,,,0,350,True,candidate,True,5.55,0.39,33.3,0,0.0,1,0,0,0,0,0.0,0.0,0.0
24,fixture,game,p_walk_pack_late_crossfire,legacy,,,100,0,False,baseline,True,5.8,0.31,33.6,0,0.0,13,0,0,0,0,0.0,0.0,0.0
24,fixture,game,p_walk_pack_late_crossfire,legacy,,,100,0,False,candidate,True,5.88,0.33,34.1,0,0.0,12,0,0,0,0,0.0,0.0,0.0
25,fixture,game,p_walk_pack_late_crossfire,legacy,,,100,0,True,baseline,True,5.78,0.37,33.5,0,0.0,12,0,0,0,0,0.0,0.0,0.0
25,fixture,game,p_walk_pack_late_crossfire,legacy,,,100,0,True,candidate,True,5.8,0.32,33.6,0,0.0,13,0,0,0,0,0.0,0.0,0.0
26,fixture,game,p_walk_pack_late_crossfire,legacy,,,100,150,False,baseline,False,5.55,0.37,33.3,0,0.0,1,0,0,0,0,0.0,0.0,0.0
26,fixture,game,p_walk_pack_late_crossfire,legacy,,,100,150,False,candidate,True,5.63,0.37,33.8,0,0.0,1,0,0,0,0,0.0,0.0,0.0
27,fixture,game,p_walk_pack_late_crossfire,legacy,,,100,150,True,baseline,True,5.53,0.39,33.2,0,0.0,1,0,0,0,0,0.0,0.0,0.0
27,fixture,game,p_walk_pack_late_crossfire,legacy,,,100,150,True,candidate,True,5.55,0.39,33.3,0,0.0,1,0,0,0,0,0.0,0.0,0.0
28,fixture,game,p_walk_pack_late_crossfire,legacy,,,100,350,False,baseline,True,5.67,0.38,33.4,0,0.0,6,0,0,0,0,0.0,0.0,0.0
28,fixture,game,p_walk_pack_late_crossfire,legacy,,,100,350,False,candidate,True,5.65,0.35,33.9,0,0.0,1,0,0,0,0,0.0,0.0,0.0
29,fixture,game,p_walk_pack_late_crossfire,legacy,,,100,350,True,baseline,True,5.55,0.37,33.3,0,0.0,1,0,0,0,0,0.0,0.0,0.0
29,fixture,game,p_walk_pack_late_crossfire,legacy,,,100,350,True,candidate,True,5.57,0.35,33.4,0,0.0,1,0,0,0,0,0.0,0.0,0.0
30,fixture,game,p_walk_pack_late_crossfire,legacy,,,200,0,False,baseline,True,5.77,0.38,33.7,0,0.0,10,0,0,0,0,0.0,0.0,0.0
30,fixture,game,p_walk_pack_late_crossfire,legacy,,,200,0,False,candidate,True,5.83,0.36,34.1,0,0.0,10,0,0,0,0,0.0,0.0,0.0
31,fixture,game,p_walk_pack_late_crossfire,legacy,,,200,0,True,baseline,True,5.77,0.36,33.7,0,0.0,10,0,0,0,0,0.0,0.0,0.0
31,fixture,game,p_walk_pack_late_crossfire,legacy,,,200,0,True,candidate,True,5.77,0.39,33.7,0,0.0,10,0,0,0,0,0.0,0.0,0.0
32,fixture,game,p_walk_pack_late_crossfire,legacy,,,200,150,False,baseline,True,5.62,0.42,33.6,0,0.0,1,0,0,0,0,0.0,0.0,0.0
32,fixture,game,p_walk_pack_late_crossfire,legacy,,,200,150,False,candidate,True,5.78,0.38,34.1,0,0.0,7,0,0,0,0,0.0,0.0,0.0
33,fixture,game,p_walk_pack_late_crossfire,legacy,,,200,150,True,baseline,True,5.62,0.49,33.5,0,0.0,1,0,0,0,0,0.0,0.0,0.0
33,fixture,game,p_walk_pack_late_crossfire,legacy,,,200,150,True,candidate,True,5.7,0.33,33.7,0,0.0,5,0,0,0,0,0.0,0.0,0.0
34,fixture,game,p_walk_pack_late_crossfire,legacy,,,200,350,False,baseline,True,5.6,0.38,33.5,0,0.0,2,0,0,0,0,0.0,0.0,0.0
34,fixture,game,p_walk_pack_late_crossfire,legacy,,,200,350,False,candidate,True,5.65,0.39,33.9,0,0.0,1,0,0,0,0,0.0,0.0,0.0
35,fixture,game,p_walk_pack_late_crossfire,legacy,,,200,350,True,baseline,True,5.57,0.38,33.3,0,0.0,2,0,0,0,0,0.0,0.0,0.0
35,fixture,game,p_walk_pack_late_crossfire,legacy,,,200,350,True,candidate,True,5.58,0.33,33.4,0,0.0,2,0,0,0,0,0.0,0.0,0.0
36,shipped,legacy,p_walk_pack_late_crossfire,legacy,,,0,0,False,baseline,False,5.65,0.3,33.9,0,0.0,0,0,0,0,0,0.35,0.0,0.0
36,shipped,legacy,p_walk_pack_late_crossfire,legacy,,,0,0,False,candidate,False,5.75,0.38,33.0,0,0.0,16,0,0,0,4,0.0,0.0,0.0
37,shipped,legacy,p_walk_pack_late_crossfire,legacy,,,0,0,True,baseline,False,5.58,0.33,33.6,0,0.0,0,0,0,0,0,0.36,0.0,0.0
37,shipped,legacy,p_walk_pack_late_crossfire,legacy,,,0,0,True,candidate,False,5.75,0.38,33.0,0,0.0,16,0,0,0,4,0.0,0.0,0.0
38,shipped,legacy,p_walk_pack_late_crossfire,legacy,,,0,150,False,baseline,False,6.53,0.38,38.0,0,0.0,13,0,0,0,0,0.31,0.0,0.0
38,shipped,legacy,p_walk_pack_late_crossfire,legacy,,,0,150,False,candidate,False,5.85,0.34,33.1,0,0.0,20,0,0,0,4,0.0,0.0,0.0
39,shipped,legacy,p_walk_pack_late_crossfire,legacy,,,0,150,True,baseline,False,6.82,0.41,39.5,0,0.0,13,0,0,0,0,0.29,0.0,0.0
39,shipped,legacy,p_walk_pack_late_crossfire,legacy,,,0,150,True,candidate,False,5.85,0.34,33.1,0,0.0,20,0,0,0,4,0.0,0.0,0.0
40,shipped,legacy,p_walk_pack_late_crossfire,legacy,,,0,350,False,baseline,False,5.57,0.34,33.3,0,0.0,2,0,0,0,0,0.0,0.0,0.0
40,shipped,legacy,p_walk_pack_late_crossfire,legacy,,,0,350,False,candidate,False,5.88,0.34,32.9,0,0.0,24,0,0,0,5,0.0,0.0,0.0
41,shipped,legacy,p_walk_pack_late_crossfire,legacy,,,0,350,True,baseline,False,5.67,0.39,34.1,0,0.0,0,0,0,0,0,0.18,0.0,0.0
41,shipped,legacy,p_walk_pack_late_crossfire,legacy,,,0,350,True,candidate,False,5.88,0.34,32.9,0,0.0,24,0,0,0,5,0.0,0.0,0.0
42,shipped,legacy,p_walk_pack_late_crossfire,legacy,,,100,0,False,baseline,False,8.98,0.31,51.3,0,0.0,27,0,0,0,0,0.56,0.0,0.0
42,shipped,legacy,p_walk_pack_late_crossfire,legacy,,,100,0,False,candidate,False,5.73,0.31,33.1,0,0.0,14,0,0,0,4,0.0,0.0,0.0
43,shipped,legacy,p_walk_pack_late_crossfire,legacy,,,100,0,True,baseline,False,16.93,0.39,94.8,1,0.0,69,0,0,0,1,1.12,0.0,0.0
43,shipped,legacy,p_walk_pack_late_crossfire,legacy,,,100,0,True,candidate,False,5.77,0.35,33.2,0,0.0,15,0,0,0,4,0.0,0.0,0.0
44,shipped,legacy,p_walk_pack_late_crossfire,legacy,,,100,150,False,baseline,False,18.82,0.42,104.7,1,0.0,78,0,0,0,1,1.38,0.0,0.0
44,shipped,legacy,p_walk_pack_late_crossfire,legacy,,,100,150,False,candidate,False,5.72,0.36,33.2,0,0.0,12,0,0,0,4,0.0,0.0,0.0
45,shipped,legacy,p_walk_pack_late_crossfire,legacy,,,100,150,True,baseline,False,22.97,0.34,131.2,1,0.0,66,0,0,0,1,1.26,0.0,0.0
45,shipped,legacy,p_walk_pack_late_crossfire,legacy,,,100,150,True,candidate,False,5.72,0.31,33.2,0,0.0,12,0,0,0,4,0.0,0.0,0.0
46,shipped,legacy,p_walk_pack_late_crossfire,legacy,,,100,350,False,baseline,False,12.1,0.33,70.6,1,0.0,19,0,0,0,1,1.57,0.0,0.0
46,shipped,legacy,p_walk_pack_late_crossfire,legacy,,,100,350,False,candidate,False,5.5,0.38,33.1,0,0.0,0,0,0,0,1,0.0,0.0,0.0
47,shipped,legacy,p_walk_pack_late_crossfire,legacy,,,100,350,True,baseline,False,6.4,0.35,36.8,0,0.0,16,0,0,0,0,0.78,0.0,0.0
47,shipped,legacy,p_walk_pack_late_crossfire,legacy,,,100,350,True,candidate,False,5.5,0.38,33.1,0,0.0,0,0,0,0,1,0.0,0.0,0.0
48,shipped,legacy,p_walk_pack_late_crossfire,legacy,,,200,0,False,baseline,False,17.45,0.36,98.0,6,0.0,68,0,0,0,2,1.38,0.0,0.0
48,shipped,legacy,p_walk_pack_late_crossfire,legacy,,,200,0,False,candidate,True,12.38,0.39,67.7,0,0.0,67,0,0,0,8,0.4,0.0,0.0
49,shipped,legacy,p_walk_pack_late_crossfire,legacy,,,200,0,True,baseline,False,24.07,0.36,137.5,3,0.0,69,0,0,0,1,1.66,0.0,0.0
49,shipped,legacy,p_walk_pack_late_crossfire,legacy,,,200,0,True,candidate,False,12.78,0.34,71.1,1,0.0,58,0,0,0,7,0.47,0.0,0.0
50,shipped,legacy,p_walk_pack_late_crossfire,legacy,,,200,150,False,baseline,False,22.0,0.48,123.9,0,0.0,78,0,0,0,3,1.45,0.0,0.0
50,shipped,legacy,p_walk_pack_late_crossfire,legacy,,,200,150,False,candidate,False,8.72,0.38,49.9,1,0.0,24,0,0,0,4,0.57,0.0,0.0
51,shipped,legacy,p_walk_pack_late_crossfire,legacy,,,200,150,True,baseline,True,10.53,0.35,59.2,0,0.0,40,0,0,0,2,0.95,0.0,0.0
51,shipped,legacy,p_walk_pack_late_crossfire,legacy,,,200,150,True,candidate,True,8.15,0.4,47.6,0,0.0,13,0,0,0,3,0.25,0.0,0.0
52,shipped,legacy,p_walk_pack_late_crossfire,legacy,,,200,350,False,baseline,False,6.62,0.39,39.0,2,0.0,6,0,0,0,0,1.06,0.0,0.0
52,shipped,legacy,p_walk_pack_late_crossfire,legacy,,,200,350,False,candidate,False,5.67,0.32,33.9,0,0.0,1,0,0,0,0,0.0,0.0,0.0
53,shipped,legacy,p_walk_pack_late_crossfire,legacy,,,200,350,True,baseline,False,25.43,0.32,138.8,3,0.0,135,0,0,0,2,1.57,0.0,0.0
53,shipped,legacy,p_walk_pack_late_crossfire,legacy,,,200,350,True,candidate,False,5.67,0.35,33.9,0,0.0,1,0,0,0,0,0.0,0.0,0.0
54,shipped,game,p_walk_pack_late_crossfire,legacy,,,0,0,False,baseline,False,9.2,0.31,40.5,0,0.0,145,0,0,0,0,0.65,0.0,0.0
54,shipped,game,p_walk_pack_late_crossfire,legacy,,,0,0,False,candidate,False,5.77,0.38,33.0,0,0.0,17,0,0,0,4,0.0,0.0,0.0
55,shipped,game,p_walk_pack_late_crossfire,legacy,,,0,0,True,baseline,False,8.22,0.46,38.4,0,0.0,107,0,0,0,0,0.12,0.0,0.0
55,shipped,game,p_walk_pack_late_crossfire,legacy,,,0,0,True,candidate,False,5.77,0.38,33.0,0,0.0,17,0,0,0,4,0.0,0.0,0.0
56,shipped,game,p_walk_pack_late_crossfire,legacy,,,0,150,False,baseline,False,10.25,0.33,51.9,0,0.0,96,0,0,0,0,0.29,0.0,0.0
56,shipped,game,p_walk_pack_late_crossfire,legacy,,,0,150,False,candidate,False,5.85,0.34,33.1,0,0.0,20,0,0,0,4,0.0,0.0,0.0
57,shipped,game,p_walk_pack_late_crossfire,legacy,,,0,150,True,baseline,False,13.57,0.31,60.0,0,0.0,212,0,0,0,2,0.59,0.0,0.0
57,shipped,game,p_walk_pack_late_crossfire,legacy,,,0,150,True,candidate,False,5.85,0.34,33.1,0,0.0,20,0,0,0,4,0.0,0.0,0.0
58,shipped,game,p_walk_pack_late_crossfire,legacy,,,0,350,False,baseline,False,6.83,0.36,35.8,0,0.0,51,0,0,0,0,0.15,0.0,0.0
58,shipped,game,p_walk_pack_late_crossfire,legacy,,,0,350,False,candidate,False,5.88,0.34,32.9,0,0.0,24,0,0,0,5,0.0,0.0,0.0
59,shipped,game,p_walk_pack_late_crossfire,legacy,,,0,350,True,baseline,False,6.45,0.33,35.2,0,0.0,34,0,0,0,0,0.16,0.0,0.0
59,shipped,game,p_walk_pack_late_crossfire,legacy,,,0,350,True,candidate,False,5.88,0.34,32.9,0,0.0,24,0,0,0,5,0.0,0.0,0.0
60,shipped,game,p_walk_pack_late_crossfire,legacy,,,100,0,False,baseline,False,17.95,0.39,87.2,3,0.0,206,0,0,0,0,0.95,0.0,0.0
60,shipped,game,p_walk_pack_late_crossfire,legacy,,,100,0,False,candidate,False,6.0,0.34,33.9,0,0.0,21,0,0,0,0,0.0,0.0,0.0
61,shipped,game,p_walk_pack_late_crossfire,legacy,,,100,0,True,baseline,False,9.63,0.36,49.8,0,0.0,79,0,0,0,0,0.62,0.0,0.0
61,shipped,game,p_walk_pack_late_crossfire,legacy,,,100,0,True,candidate,False,5.95,0.32,33.9,0,0.0,18,0,0,0,0,0.0,0.0,0.0
62,shipped,game,p_walk_pack_late_crossfire,legacy,,,100,150,False,baseline,True,18.27,0.37,83.6,0,0.0,259,0,0,0,1,0.77,0.0,0.0
62,shipped,game,p_walk_pack_late_crossfire,legacy,,,100,150,False,candidate,False,5.83,0.36,33.2,0,0.0,18,0,0,0,4,0.0,0.0,0.0
63,shipped,game,p_walk_pack_late_crossfire,legacy,,,100,150,True,baseline,False,26.7,0.33,129.9,2,0.0,303,0,0,0,0,0.79,0.0,0.0
63,shipped,game,p_walk_pack_late_crossfire,legacy,,,100,150,True,candidate,False,5.83,0.31,33.2,0,0.0,18,0,0,0,4,0.0,0.0,0.0
64,shipped,game,p_walk_pack_late_crossfire,legacy,,,100,350,False,baseline,False,9.03,0.39,42.0,0,0.0,120,0,0,0,1,0.22,0.0,0.0
64,shipped,game,p_walk_pack_late_crossfire,legacy,,,100,350,False,candidate,False,5.52,0.38,33.1,0,0.0,0,0,0,0,1,0.0,0.0,0.0
65,shipped,game,p_walk_pack_late_crossfire,legacy,,,100,350,True,baseline,False,7.23,0.37,37.8,0,0.0,55,0,0,0,0,0.28,0.0,0.0
65,shipped,game,p_walk_pack_late_crossfire,legacy,,,100,350,True,candidate,False,5.52,0.38,33.1,0,0.0,0,0,0,0,1,0.0,0.0,0.0
66,shipped,game,p_walk_pack_late_crossfire,legacy,,,200,0,False,baseline,False,19.62,0.49,92.6,0,0.0,248,0,0,0,3,0.61,0.0,0.0
66,shipped,game,p_walk_pack_late_crossfire,legacy,,,200,0,False,candidate,False,5.73,0.35,33.4,0,0.0,11,0,0,0,1,0.0,0.0,0.0
67,shipped,game,p_walk_pack_late_crossfire,legacy,,,200,0,True,baseline,False,14.85,0.39,67.0,0,0.0,220,0,0,0,3,0.47,0.0,0.0
67,shipped,game,p_walk_pack_late_crossfire,legacy,,,200,0,True,candidate,False,5.73,0.35,33.4,0,0.0,11,0,0,0,1,0.0,0.0,0.0
68,shipped,game,p_walk_pack_late_crossfire,legacy,,,200,150,False,baseline,False,31.43,0.36,145.7,3,0.0,428,0,0,0,2,0.95,0.0,0.0
68,shipped,game,p_walk_pack_late_crossfire,legacy,,,200,150,False,candidate,True,6.25,0.33,35.0,0,0.0,25,0,0,0,3,0.32,0.0,0.0
69,shipped,game,p_walk_pack_late_crossfire,legacy,,,200,150,True,baseline,False,60.0,26.4,293.0,3,0.0,663,0,0,0,2,0.95,0.0,0.0
69,shipped,game,p_walk_pack_late_crossfire,legacy,,,200,150,True,candidate,False,6.17,0.33,34.9,0,0.0,22,0,0,0,3,0.16,0.0,0.0
70,shipped,game,p_walk_pack_late_crossfire,legacy,,,200,350,False,baseline,False,9.25,0.36,50.3,1,0.0,53,0,0,0,2,0.65,0.0,0.0
70,shipped,game,p_walk_pack_late_crossfire,legacy,,,200,350,False,candidate,False,5.68,0.32,33.9,0,0.0,1,0,0,0,0,0.0,0.0,0.0
71,shipped,game,p_walk_pack_late_crossfire,legacy,,,200,350,True,baseline,False,54.9,0.34,251.7,0,0.0,774,0,0,0,4,0.98,0.0,0.0
71,shipped,game,p_walk_pack_late_crossfire,legacy,,,200,350,True,candidate,False,5.78,0.35,33.9,0,0.0,8,0,0,0,0,0.0,0.0,0.0
